"subdistrict_code","district_code","state_code","subdistrict_name"
"1","8","1","Kupwara"
"2","8","1","Handwara"
"3","8","1","Karnah"
"4","2","1","Khag"
"5","2","1","Beerwah"
"6","2","1","Khansahib"
"7","2","1","Budgam"
"8","2","1","Chadoora"
"9","2","1","Charar- E- Shrief"
"10","9","37","Leh"
"11","9","37","Sumoor"
"12","9","37","Khaltsi"
"13","6","37","Kargil"
"14","6","37","Sankoo"
"15","6","37","Zanskar"
"16","10","1","Haveli"
"17","10","1","Mandi"
"18","10","1","Mendhar"
"19","10","1","Surankote"
"20","12","1","Thana Mandi"
"21","12","1","Darhal"
"22","12","1","Rajouri"
"24","12","1","Kalakote"
"25","12","1","Nowshera"
"26","12","1","Sundarbani"
"27","7","1","Billawar"
"28","7","1","Basohli"
"29","7","1","Bani"
"30","7","1","Kathua"
"31","7","1","Hiranagar"
"32","3","1","Sopore"
"33","3","1","Rafiabad"
"34","3","1","Pattan"
"35","3","1","Baramulla"
"36","3","1","Kreeri"
"37","3","1","Uri"
"38","3","1","Boniyar"
"39","3","1","Tangmarg"
"40","623","1","Gurez"
"41","623","1","Bandipora"
"42","623","1","Sonawari"
"43","13","1","Srinagar (North)"
"44","13","1","Srinagar (South)"
"45","626","1","Lar"
"46","626","1","Kangan"
"47","626","1","Ganderbal"
"48","11","1","Pampore"
"49","11","1","Awantipora"
"50","11","1","Tral"
"51","11","1","Pulwama"
"52","625","1","Shopian"
"53","1","1","Pahalgam"
"54","1","1","Bijbehara"
"55","1","1","Anantnag"
"56","1","1","Shangus"
"57","1","1","Kokernag"
"58","1","1","Dooru"
"59","622","1","Kulgam"
"60","622","1","Devsar"
"61","622","1","D H Pora"
"62","4","1","Doda"
"63","4","1","Thathri"
"65","4","1","Bhaderwah"
"66","621","1","Banihal"
"67","621","1","Ramban"
"68","620","1","Kishtwar"
"69","620","1","Marwah"
"70","620","1","Chhatroo"
"71","620","1","Atholi (Paddar)"
"72","14","1","Udhampur"
"73","14","1","Chenani"
"74","14","1","Ramnagar"
"75","14","1","Majalta"
"77","627","1","Reasi"
"78","5","1","Akhnoor"
"79","5","1","Jammu"
"80","5","1","Ranbir Singh Pura"
"81","5","1","Bishnah"
"82","624","1","Samba"
"83","16","2","Pangi"
"84","16","2","Churah"
"85","16","2","Saluni"
"86","16","2","Bhalai"
"87","16","2","Dalhousie"
"88","16","2","Bhattiyat"
"89","16","2","Sihunta"
"90","16","2","Chamba"
"91","16","2","Holi"
"92","16","2","Bharmour"
"93","18","2","Nurpur"
"94","18","2","Indora"
"95","18","2","Fatehpur"
"96","18","2","Jawali"
"97","18","2","Harchakian"
"98","18","2","Shahpur"
"99","18","2","Dharmsala"
"100","18","2","Kangra"
"101","18","2","Nagrota Bagwan"
"102","18","2","Baroh"
"103","18","2","Dera Gopipur"
"104","18","2","Jawalamukhi"
"105","18","2","Jaswan"
"106","18","2","Rakkar"
"107","18","2","Khundian"
"108","18","2","Thural"
"109","18","2","Dhira"
"110","18","2","Jaisinghpur"
"111","18","2","Palampur"
"112","18","2","Baijnath"
"113","18","2","Multhan"
"114","21","2","Udaipur"
"115","21","2","Lahul"
"116","21","2","Spiti"
"117","20","2","Manali"
"118","20","2","Kullu"
"119","20","2","Sainj"
"120","20","2","Banjar"
"121","20","2","Ani"
"122","20","2","Nirmand"
"123","22","2","Padhar"
"124","22","2","Jogindarnagar"
"125","22","2","Lad Bharol"
"126","22","2","Sandhol"
"127","22","2","Dharmpur"
"128","22","2","Kotli"
"129","22","2","Sarkaghat"
"130","22","2","Bhadrota"
"131","22","2","Baldwara"
"132","22","2","Sundarnagar"
"133","22","2","Mandi"
"134","22","2","Aut"
"135","22","2","Bali Chowki"
"136","22","2","Thunag"
"137","22","2","Chachyot"
"138","22","2","Nihri"
"139","22","2","Karsog"
"140","17","2","Tira Sujanpur"
"141","17","2","Nadaun"
"142","17","2","Galore"
"143","17","2","Hamirpur"
"144","17","2","Barsar"
"145","17","2","Dhatwal"
"146","17","2","Bhoranj"
"147","26","2","Bharwain"
"148","26","2","Amb"
"149","26","2","Bangana"
"150","26","2","Una"
"151","26","2","Haroli"
"152","15","2","Ghumarwin"
"153","15","2","Bharari"
"154","15","2","Jhanduta"
"155","15","2","Naina Devi"
"156","15","2","Bilaspur Sadar"
"157","15","2","Namhol"
"158","25","2","Arki"
"159","25","2","Darlaghat"
"160","25","2","Ramshahr"
"161","25","2","Nalagarh"
"162","25","2","Baddi"
"163","25","2","Krishangarh"
"164","25","2","Kasauli"
"165","25","2","Solan"
"166","25","2","Kandaghat"
"167","24","2","Rajgarh"
"168","24","2","Nohra"
"169","24","2","Pachhad"
"170","24","2","Renuka"
"171","24","2","Dadahu"
"172","24","2","Nahan"
"173","24","2","Paonta Sahib"
"174","24","2","Kamrau"
"175","24","2","Shalai"
"176","24","2","Ronhat"
"177","23","2","Rampur"
"178","23","2","Nankhari"
"179","23","2","Kumarsain"
"180","23","2","Sunni"
"181","23","2","Shimla ( Rural )"
"182","23","2","Shimla (Urban)"
"183","23","2","Junga"
"184","23","2","Theog"
"185","23","2","Chaupal"
"186","22","2","Bagachnogi"
"187","23","2","Nerwa"
"188","23","2","Jubbal"
"189","23","2","Kotkhai"
"190","23","2","Tikar"
"191","23","2","Rohru"
"192","23","2","Chirgaon"
"193","23","2","Dodra Kwar"
"194","19","2","Hangrang"
"195","19","2","Poo"
"196","19","2","Morang"
"197","19","2","Kalpa"
"198","19","2","Nichar"
"199","19","2","Sangla"
"200","662","3","Dhar Kalan"
"201","662","3","Pathankot"
"202","32","3","Gurdaspur"
"203","32","3","Batala"
"204","32","3","Dera Baba Nanak"
"205","35","3","Bhulath"
"206","35","3","Kapurthala"
"207","35","3","Sultanpur Lodhi"
"208","35","3","Phagwara"
"209","34","3","Shahkot"
"210","34","3","Nakodar"
"211","34","3","Phillaur"
"212","34","3","Jalandhar - I"
"213","34","3","Jalandhar - II"
"214","33","3","Dasua"
"215","33","3","Mukerian"
"216","33","3","Hoshiarpur"
"217","33","3","Garhshankar"
"218","40","3","Nawanshahr"
"219","40","3","Balachaur"
"220","30","3","Bassi Pathana"
"221","30","3","Fatehgarh Sahib"
"222","30","3","Amloh"
"223","30","3","Khamanon"
"224","36","3","Samrala"
"225","36","3","Khanna"
"226","36","3","Payal"
"227","36","3","Ludhiana (East)"
"228","36","3","Ludhiana (West)"
"229","36","3","Raikot"
"230","36","3","Jagraon"
"231","38","3","Nihal Singhwala"
"232","38","3","Bagha Purana"
"233","38","3","Moga"
"234","31","3","Zira"
"235","31","3","Firozpur"
"236","651","3","Jalalabad"
"237","651","3","Fazilka"
"238","651","3","Abohar"
"239","39","3","Malout"
"240","39","3","Gidderbaha"
"241","39","3","Muktsar"
"242","29","3","Faridkot"
"243","29","3","Jaitu"
"244","28","3","Rampura Phul"
"245","28","3","Bathinda"
"246","28","3","Talwandi Sabo"
"247","37","3","Sardulgarh"
"248","37","3","Budhlada"
"249","37","3","Mansa"
"250","41","3","Samana"
"251","41","3","Patran"
"252","41","3","Nabha"
"253","41","3","Patiala"
"254","41","3","Rajpura"
"255","27","3","Ajnala"
"256","27","3","Amritsar -I"
"257","27","3","Amritsar- II"
"258","27","3","Baba Bakala"
"259","609","3","Tarn Taran"
"260","609","3","Patti"
"261","609","3","Khadur Sahib"
"262","42","3","Anandpur Sahib"
"263","42","3","Nangal"
"264","42","3","Rup Nagar"
"265","42","3","Chamkaur Sahib"
"266","608","3","Kharar"
"267","608","3","Sas Nagar (Mohali)"
"268","608","3","Dera Bassi"
"269","737","3","Malerkotla"
"270","43","3","Dhuri"
"271","43","3","Sangrur"
"272","43","3","Sunam"
"273","43","3","Lehra"
"274","43","3","Moonak"
"275","605","3","Barnala"
"276","605","3","Tapa"
"277","44","4","Chandigarh"
"278","57","5","Puraula"
"279","57","5","Mori"
"280","57","5","Rajgarhi"
"281","57","5","Dunda"
"282","57","5","Chinyali Saur"
"283","57","5","Bhatwari"
"284","47","5","Joshimath"
"285","47","5","Chamoli"
"286","47","5","Pokhari"
"287","47","5","Karnaprayag"
"288","47","5","Tharali"
"289","47","5","Gairsain"
"290","54","5","Ukhimath"
"291","54","5","Rudraprayag"
"292","54","5","Jakholi*"
"293","55","5","Ghansali"
"294","55","5","Devprayag"
"295","55","5","Pratapnagar"
"296","55","5","Jakhani Dhar"
"297","55","5","Tehri"
"298","55","5","Dhanaulti"
"299","55","5","Narendra Nagar"
"300","49","5","Chakrata"
"301","49","5","Tyuni"
"302","49","5","Kalsi"
"303","49","5","Vikas Nagar"
"304","49","5","Dehradun"
"305","49","5","Rishikesh"
"306","52","5","Srinagar"
"307","52","5","Pauri"
"308","52","5","Thailisain"
"309","52","5","Dhoomakot"
"310","52","5","Lansdowne"
"311","52","5","Satpuli"
"312","52","5","Chaubatta Khal"
"313","52","5","Kotdwara"
"314","52","5","Yamkeshwar"
"315","53","5","Munsiari"
"316","53","5","Dharchula"
"317","53","5","Didihat"
"318","53","5","Berinag"
"319","53","5","Gangolihat"
"320","53","5","Pithoragarh"
"321","46","5","Kapkot"
"322","46","5","Kanda"
"323","46","5","Bageshwar"
"324","46","5","Garud"
"325","45","5","Bhikiasain"
"326","45","5","Chaukhutiya"
"327","45","5","Sult"
"328","45","5","Ranikhet"
"329","45","5","Dwarahat"
"330","45","5","Almora"
"331","45","5","Someshwar"
"332","45","5","Jainti"
"333","45","5","Bhanoli"
"334","48","5","Champawat"
"335","48","5","Pati"
"336","48","5","Lohaghat"
"337","48","5","Poornagiri"
"338","51","5","Kosya Kutauli"
"339","51","5","Betalghat"
"340","51","5","Nainital"
"341","51","5","Dhari"
"342","51","5","Haldwani"
"343","51","5","Ramnagar"
"344","51","5","Kaladhungi"
"345","51","5","Lalkuan"
"346","56","5","Kashipur"
"347","56","5","Jaspur"
"348","56","5","Bajpur"
"349","56","5","Kichha"
"350","56","5","Gadarpur"
"351","56","5","Sitarganj"
"352","56","5","Khatima"
"353","50","5","Roorkee"
"354","50","5","Hardwar"
"355","50","5","Laksar"
"356","70","6","Kalka"
"357","70","6","Panchkula"
"358","58","6","Naraingarh"
"359","58","6","Ambala"
"360","58","6","Barara"
"361","76","6","Jagadhri"
"362","76","6","Bilaspur"
"363","76","6","Chhachhrauli"
"364","68","6","Shahbad"
"365","68","6","Pehowa"
"366","68","6","Thanesar"
"367","66","6","Guhla"
"368","66","6","Kaithal"
"369","66","6","Fatehpur Pundri"
"370","67","6","Nilokheri"
"371","67","6","Indri"
"372","67","6","Karnal"
"373","67","6","Assandh"
"374","67","6","Gharaunda"
"375","71","6","Panipat"
"376","71","6","Israna"
"377","71","6","Samalkha"
"378","75","6","Gohana"
"379","75","6","Ganaur"
"380","75","6","Sonipat"
"381","75","6","Kharkhoda"
"382","65","6","Narwana"
"383","65","6","Jind"
"384","65","6","Julana"
"385","65","6","Safidon"
"386","61","6","Ratia"
"387","61","6","Tohana"
"388","61","6","Fatehabad"
"389","74","6","Dabwali"
"390","74","6","Sirsa"
"391","74","6","Rania"
"392","74","6","Ellenabad"
"393","63","6","Adampur"
"394","63","6","Hisar"
"395","63","6","Narnaund"
"396","63","6","Hansi"
"397","59","6","Bawani Khera"
"398","59","6","Bhiwani"
"399","59","6","Tosham"
"400","59","6","Siwani"
"401","59","6","Loharu"
"402","701","6","Dadri"
"403","701","6","Badhra"
"404","73","6","Maham"
"405","73","6","Rohtak"
"406","73","6","Sampla"
"407","64","6","Beri"
"408","64","6","Bahadurgarh"
"409","64","6","Jhajjar"
"410","64","6","Matenhail"
"411","69","6","Mahendragarh"
"412","69","6","Narnaul"
"413","72","6","Kosli"
"414","72","6","Rewari"
"415","72","6","Bawal"
"416","62","6","Pataudi"
"417","62","6","Gurgaon"
"418","62","6","Farrukhnagar"
"419","62","6","Manesar"
"420","62","6","Sohna"
"421","604","6","Taoru"
"422","604","6","Nuh"
"423","604","6","Ferozepur Jhirka"
"424","604","6","Punahana"
"425","60","6","Faridabad"
"426","60","6","Ballabgarh"
"427","619","6","Palwal"
"428","619","6","Hathin"
"429","619","6","Hodal"
"430","80","7","Narela"
"431","82","7","Saraswati Vihar"
"432","80","7","Model Town"
"433","77","7","Civil Lines"
"435","77","7","Kotwali"
"436","81","7","Seelam Pur"
"437","671","7","Shahdara"
"438","671","7","Seema Puri"
"439","78","7","Gandhi Nagar"
"440","671","7","Vivek Vihar"
"441","78","7","Preet Vihar"
"443","79","7","Chanakya Puri"
"447","77","7","Karol Bagh"
"448","85","7","Patel Nagar"
"449","85","7","Rajouri Garden"
"450","85","7","Punjabi Bagh"
"451","84","7","Najafgarh"
"452","79","7","Delhi Cantonment"
"453","79","7","Vasant Vihar"
"454","83","7","Hauz Khas"
"455","670","7","Defence Colony"
"456","670","7","Kalkaji"
"457","100","8","Karanpur"
"458","100","8","Ganganagar"
"459","100","8","Sadulshahar"
"460","100","8","Padampur"
"461","776","8","Raisinghnagar"
"462","776","8","Anupgarh"
"463","776","8","Gharsana"
"464","776","8","Vijainagar"
"465","100","8","Suratgarh"
"466","101","8","Sangaria"
"467","101","8","Tibi"
"468","101","8","Hanumangarh"
"469","101","8","Pilibanga"
"470","101","8","Rawatsar"
"471","101","8","Nohar"
"472","101","8","Bhadra"
"473","93","8","Bikaner"
"474","93","8","Poogal"
"475","93","8","Lunkaransar"
"476","93","8","Kolayat"
"477","93","8","Nokha"
"478","776","8","Khajuwala"
"479","776","8","Chhatargarh"
"480","93","8","Sridungargarh"
"481","96","8","Taranagar"
"482","96","8","Rajgarh"
"483","96","8","Sardarshahar"
"484","96","8","Churu"
"485","96","8","Ratangarh"
"486","96","8","Sujangarh"
"487","106","8","Jhunjhunun"
"488","106","8","Chirawa"
"489","106","8","Buhana"
"490","773","8","Khetri"
"491","106","8","Nawalgarh"
"492","773","8","Udaipurwati"
"493","87","8","Behror"
"494","770","8","Mandawar"
"495","770","8","Kotkasim"
"496","770","8","Tijara"
"497","770","8","Kishangarh Bas"
"498","87","8","Ramgarh"
"499","87","8","Alwar"
"500","87","8","Bansur"
"501","87","8","Thanagazi"
"502","87","8","Rajgarh"
"503","87","8","Lachhmangarh"
"504","87","8","Kathumar"
"505","767","8","Pahari"
"506","767","8","Kaman"
"507","767","8","Nagar"
"508","767","8","Deeg"
"509","91","8","Nadbai"
"510","767","8","Kumher"
"511","91","8","Bharatpur"
"512","91","8","Weir"
"513","91","8","Bayana"
"514","91","8","Rupbas"
"515","98","8","Baseri"
"516","98","8","Bari"
"517","98","8","Sepau"
"518","98","8","Dhaulpur"
"519","98","8","Rajakhera"
"520","771","8","Todabhim"
"521","771","8","Nadoti"
"522","108","8","Hindaun"
"523","108","8","Karauli"
"524","108","8","Mandrayal"
"525","108","8","Sapotra"
"526","771","8","Gangapur"
"527","771","8","Bamanwas"
"528","113","8","Malarna Doongar"
"529","113","8","Bonli"
"530","113","8","Chauth Ka Barwara"
"531","113","8","Sawai Madhopur"
"532","113","8","Khandar"
"533","97","8","Baswa"
"534","97","8","Mahwa"
"535","97","8","Sikrai"
"536","97","8","Dausa"
"537","97","8","Lalsot"
"538","102","8","Kotputli"
"539","102","8","Viratnagar"
"540","102","8","Shahpura"
"541","102","8","Chomu"
"542","102","8","Phulera (Hq.Sambhar)"
"543","769","8","Mauzamabad"
"544","769","8","Phagi"
"545","102","8","Sanganer"
"546","102","8","Jaipur"
"547","102","8","Amber"
"548","102","8","Jamwa Ramgarh"
"549","102","8","Bassi"
"550","102","8","Chaksu"
"551","114","8","Fatehpur"
"552","114","8","Lachhmangarh"
"553","114","8","Sikar"
"554","114","8","Danta Ramgarh"
"555","773","8","Sri Madhopur"
"556","773","8","Neem-Ka-Thana"
"557","768","8","Ladnu"
"558","768","8","Didwana"
"559","110","8","Jayal"
"560","110","8","Nagaur"
"561","110","8","Kheenvsar"
"562","110","8","Merta"
"563","110","8","Degana"
"564","768","8","Parbatsar"
"565","768","8","Makrana"
"566","768","8","Nawa"
"567","772","8","Phalodi"
"568","107","8","Osian"
"569","107","8","Bhopalgarh"
"570","107","8","Jodhpur"
"571","107","8","Shergarh"
"572","107","8","Luni"
"573","107","8","Bilara"
"574","103","8","Jaisalmer"
"575","103","8","Pokaran"
"576","103","8","Fatehgarh"
"577","90","8","Sheo"
"578","775","8","Baytoo"
"579","775","8","Pachpadra"
"580","775","8","Siwana"
"581","90","8","Gudha Malani"
"582","90","8","Barmer"
"583","90","8","Ramsar"
"584","90","8","Chohtan"
"585","104","8","Sayla"
"586","104","8","Ahore"
"587","104","8","Jalor"
"588","104","8","Bhinmal"
"589","104","8","Bagora"
"590","104","8","Sanchore"
"591","104","8","Raniwara"
"592","115","8","Sheoganj"
"593","115","8","Sirohi"
"594","115","8","Pindwara"
"595","115","8","Abu Road"
"596","115","8","Reodar"
"597","774","8","Jaitaran"
"598","774","8","Raipur"
"599","111","8","Sojat"
"600","111","8","Rohat"
"601","111","8","Pali"
"602","111","8","Marwar Junction"
"603","111","8","Desuri"
"604","111","8","Sumerpur"
"605","111","8","Bali"
"606","86","8","Kishangarh"
"607","86","8","Ajmer"
"608","86","8","Peesangan"
"609","774","8","Beawar"
"610","774","8","Masuda"
"611","86","8","Nasirabad"
"612","86","8","Bhinay"
"613","86","8","Sarwar"
"614","86","8","Kekri"
"615","116","8","Malpura"
"616","116","8","Peeplu"
"617","116","8","Niwai"
"618","116","8","Tonk"
"619","116","8","Todaraisingh"
"620","116","8","Deoli"
"621","116","8","Uniara"
"622","94","8","Hindoli"
"623","94","8","Nainwa"
"624","94","8","Indragarh"
"625","94","8","Keshoraipatan"
"626","94","8","Bundi"
"627","92","8","Asind"
"628","92","8","Hurda"
"629","92","8","Shahpura"
"630","92","8","Banera"
"631","92","8","Mandal"
"632","92","8","Raipur"
"633","92","8","Sahara"
"634","92","8","Bhilwara"
"635","92","8","Kotri"
"636","92","8","Jahazpur"
"637","92","8","Mandalgarh"
"638","92","8","Bijoliya"
"639","112","8","Bhim"
"640","112","8","Deogarh"
"641","112","8","Amet"
"642","112","8","Kumbhalgarh"
"643","112","8","Rajsamand"
"644","112","8","Railmagra"
"645","112","8","Nathdwara"
"646","99","8","Dungarpur"
"647","99","8","Aspur"
"648","99","8","Sagwara"
"649","99","8","Simalwara"
"650","88","8","Ghatol"
"651","88","8","Garhi"
"652","88","8","Banswara"
"653","88","8","Bagidora"
"654","88","8","Kushalgarh"
"655","95","8","Rashmi"
"656","95","8","Gangrar"
"657","95","8","Begun"
"658","95","8","Rawatbhata"
"659","95","8","Chittaurgarh"
"660","95","8","Kapasan"
"661","95","8","Dungla"
"662","95","8","Bhadesar"
"663","95","8","Nimbahera"
"664","95","8","Bari Sadri"
"665","109","8","Pipalda"
"666","109","8","Digod"
"667","109","8","Ladpura"
"668","109","8","Ramganj Mandi"
"669","109","8","Sangod"
"670","89","8","Mangrol"
"671","89","8","Antah"
"672","89","8","Baran"
"673","89","8","Atru"
"674","89","8","Kishanganj"
"675","89","8","Shahbad"
"676","89","8","Chhabra"
"677","89","8","Chhipabarod"
"678","105","8","Khanpur"
"679","105","8","Jhalrapatan"
"680","105","8","Aklera"
"681","105","8","Manohar Thana"
"682","105","8","Pachpahar"
"683","105","8","Pirawa"
"684","105","8","Gangdhar"
"685","117","8","Mavli"
"686","117","8","Gogunda"
"687","117","8","Kotra"
"688","117","8","Jhadol"
"689","117","8","Girwa"
"690","117","8","Vallabhnagar"
"691","777","8","Lasadiya"
"692","777","8","Salumbar"
"693","777","8","Sarada"
"694","117","8","Rishabhdeo"
"695","117","8","Kherwara"
"696","629","8","Dhariawad"
"697","629","8","Peepalkhoont"
"698","629","8","Chhoti Sadri"
"699","629","8","Pratapgarh"
"700","629","8","Arnod"
"701","177","9","Behat"
"702","177","9","Saharanpur"
"703","177","9","Nakur"
"704","177","9","Deoband"
"705","177","9","Rampur Maniharan"
"706","660","9","Kairana"
"707","660","9","Shamli"
"708","172","9","Muzaffarnagar"
"709","172","9","Budhana"
"710","172","9","Khatauli"
"711","172","9","Jansath"
"712","132","9","Najibabad"
"713","132","9","Bijnor"
"714","132","9","Nagina"
"715","132","9","Dhampur"
"716","132","9","Chandpur"
"717","171","9","Thakurdwara"
"718","171","9","Kanth"
"719","171","9","Moradabad"
"720","171","9","Bilari"
"721","659","9","Sambhal"
"722","659","9","Chandausi"
"723","176","9","Suar"
"724","176","9","Tanda"
"725","176","9","Bilaspur"
"726","176","9","Rampur"
"727","176","9","Shahabad"
"728","176","9","Milak"
"729","154","9","Dhanaura"
"730","154","9","Amroha"
"731","154","9","Hasanpur"
"732","169","9","Sardhana"
"733","169","9","Mawana"
"734","169","9","Meerut"
"735","124","9","Baraut"
"736","124","9","Baghpat"
"737","124","9","Khekada"
"738","145","9","Modinagar"
"739","145","9","Ghaziabad"
"740","661","9","Hapur"
"741","661","9","Garhmukteshwar"
"742","144","9","Dadri"
"743","144","9","Gautam Buddha Nagar"
"744","144","9","Jewar"
"745","134","9","Sikandrabad"
"746","134","9","Bulandshahr"
"747","134","9","Siana"
"748","134","9","Anupshahr"
"749","134","9","Debai"
"750","134","9","Shikarpur"
"751","134","9","Khurja"
"752","119","9","Khair"
"753","119","9","Gabhana"
"754","119","9","Atrauli"
"755","119","9","Koil"
"756","119","9","Iglas"
"757","163","9","Sasni"
"758","163","9","Sikandra Rao"
"759","163","9","Hathras"
"760","163","9","Sadabad"
"761","167","9","Chhata"
"762","167","9","Mat"
"763","167","9","Mahavan"
"764","167","9","Mathura"
"765","118","9","Etmadpur"
"766","118","9","Agra"
"767","118","9","Kiraoli"
"768","118","9","Kheragarh"
"769","118","9","Fatehabad"
"770","118","9","Bah"
"771","143","9","Tundla"
"772","143","9","Firozabad"
"773","143","9","Jasrana"
"774","143","9","Shikohabad"
"775","166","9","Mainpuri"
"776","166","9","Karhal"
"777","166","9","Bhogaon"
"778","659","9","Gunnaur"
"779","133","9","Bisauli"
"780","133","9","Bilsi"
"781","133","9","Sahaswan"
"782","133","9","Budaun"
"783","133","9","Dataganj"
"784","130","9","Baheri"
"785","130","9","Meerganj"
"786","130","9","Aonla"
"787","130","9","Bareilly"
"788","130","9","Nawabganj"
"789","130","9","Faridpur"
"790","173","9","Pilibhit"
"791","173","9","Bisalpur"
"792","173","9","Puranpur"
"793","180","9","Powayan"
"794","180","9","Tilhar"
"795","180","9","Shahjahanpur"
"796","180","9","Jalalabad"
"797","159","9","Nighasan"
"798","159","9","Palia"
"799","159","9","Gola Gokaran Nath"
"800","159","9","Mohammdi"
"801","159","9","Lakhimpur"
"802","159","9","Dhaurahara"
"803","183","9","Misrikh"
"804","183","9","Sitapur"
"805","183","9","Laharpur"
"806","183","9","Biswan"
"807","183","9","Mahmudabad"
"808","183","9","Sidhauli"
"809","150","9","Shahabad"
"810","150","9","Sawayajpur"
"811","150","9","Hardoi"
"812","150","9","Bilgram"
"813","150","9","Sandila"
"814","186","9","Safipur"
"815","186","9","Hasanganj"
"816","186","9","Unnao"
"817","186","9","Purwa"
"818","186","9","Bighapur"
"819","162","9","Malihabad"
"820","162","9","Bakshi Ka Talab"
"821","162","9","Sadar"
"822","162","9","Mohanlalganj"
"823","175","9","Maharajganj"
"824","640","9","Tiloi"
"825","175","9","Rae Bareli"
"826","175","9","Lalganj"
"827","175","9","Dalmau"
"828","175","9","Unchahar"
"829","175","9","Salon"
"830","141","9","Kaimganj"
"831","141","9","Amritpur"
"832","141","9","Farrukhabad"
"833","155","9","Chhibramau"
"834","155","9","Kannauj"
"835","155","9","Tirwa"
"836","139","9","Jaswantnagar"
"837","139","9","Saifai"
"838","139","9","Etawah"
"839","139","9","Bharthana"
"840","139","9","Chakarnagar"
"841","122","9","Bidhuna"
"842","122","9","Auraiya"
"843","156","9","Rasulabad"
"844","156","9","Derapur"
"845","156","9","Akbarpur"
"846","156","9","Bhognipur"
"847","156","9","Sikandra"
"848","157","9","Bilhaur"
"849","157","9","Kanpur"
"850","157","9","Ghatampur"
"851","151","9","Madhogarh"
"852","151","9","Jalaun"
"853","151","9","Kalpi"
"854","151","9","Orai"
"855","151","9","Konch"
"856","153","9","Moth"
"857","153","9","Garautha"
"858","153","9","Tahrauli"
"859","153","9","Mauranipur"
"860","153","9","Jhansi"
"861","161","9","Talbehat"
"862","161","9","Lalitpur"
"863","161","9","Mahroni"
"864","149","9","Hamirpur"
"865","149","9","Rath"
"866","149","9","Sarila"
"867","149","9","Maudaha"
"868","165","9","Kulpahar"
"869","165","9","Charkhari"
"870","165","9","Mahoba"
"871","128","9","Banda"
"872","128","9","Baberu"
"873","128","9","Atarra"
"874","128","9","Naraini"
"875","136","9","Karwi"
"876","136","9","Mau"
"877","142","9","Bindki"
"878","142","9","Fatehpur"
"879","142","9","Khaga"
"880","174","9","Lalganj"
"881","174","9","Kunda"
"882","174","9","Pratapgarh"
"883","174","9","Patti"
"884","174","9","Raniganj"
"885","158","9","Sirathu"
"886","158","9","Manjhanpur"
"887","158","9","Chail"
"888","120","9","Soraon"
"889","120","9","Phulpur"
"890","120","9","Allahabad"
"891","120","9","Bara"
"892","120","9","Karchhana"
"893","120","9","Handia"
"894","120","9","Meja"
"895","120","9","Koraon"
"896","129","9","Fatehpur"
"897","129","9","Ramnagar"
"898","129","9","Nawabganj"
"899","129","9","Sirauli Gauspur"
"900","129","9","Ramsanehighat"
"901","129","9","Haidergarh"
"902","140","9","Rudauli"
"903","140","9","Milkipur"
"904","140","9","Sohawal"
"905","140","9","Faizabad"
"906","140","9","Bikapur"
"907","121","9","Tanda"
"908","121","9","Allapur"
"909","121","9","Jalalpur"
"910","121","9","Akbarpur"
"911","121","9","Bhiti"
"912","640","9","Musafirkhana"
"913","640","9","Gauriganj"
"914","640","9","Amethi"
"915","185","9","Sultanpur"
"916","185","9","Jaisinghpur"
"917","185","9","Lambhua"
"918","185","9","Kadipur"
"919","125","9","Nanpara"
"920","125","9","Mahasi"
"921","125","9","Bahraich"
"922","125","9","Kaiserganj"
"923","181","9","Bhinga"
"924","181","9","Ikauna"
"925","127","9","Balrampur"
"926","127","9","Tulsipur"
"927","127","9","Utraula"
"928","147","9","Gonda"
"929","147","9","Colonelganj"
"930","147","9","Tarabganj"
"931","147","9","Mankapur"
"932","182","9","Shohratgarh"
"933","182","9","Naugarh"
"934","182","9","Bansi"
"935","182","9","Itwa"
"936","182","9","Domariyaganj"
"937","131","9","Bhanpur"
"938","131","9","Harraiya"
"939","131","9","Basti"
"940","131","9","Rudhauli"
"941","178","9","Mehdawal"
"942","178","9","Khalilabad"
"943","178","9","Ghanghata"
"944","164","9","Nautanwa"
"945","164","9","Nichlaul"
"946","164","9","Pharenda"
"947","164","9","Maharajganj"
"948","148","9","Campierganj"
"949","148","9","Sahjanwa"
"950","148","9","Gorakhpur"
"951","148","9","Chauri Chaura"
"952","148","9","Bansgaon"
"953","148","9","Khajni"
"954","148","9","Gola"
"955","160","9","Padrauna"
"956","160","9","Hata"
"957","160","9","Kasya"
"958","160","9","Tamkuhi Raj"
"959","137","9","Deoria"
"960","137","9","Rudrapur"
"961","137","9","Barhaj"
"962","137","9","Salempur"
"963","137","9","Bhatpar Rani"
"964","123","9","Burhanpur"
"965","123","9","Sagri"
"966","123","9","Azamgarh"
"967","123","9","Nizamabad"
"968","123","9","Phulpur"
"969","123","9","Lalganj"
"970","123","9","Mehnagar"
"971","168","9","Ghosi"
"972","168","9","Madhuban"
"973","168","9","Maunath Bhanjan"
"974","168","9","Muhammadabad Gohna"
"975","126","9","Belthara Road"
"976","126","9","Sikanderpur"
"977","126","9","Rasra"
"978","126","9","Ballia"
"979","126","9","Bansdih"
"980","126","9","Bairia"
"981","152","9","Shahganj"
"982","152","9","Badlapur"
"983","152","9","Machhlishahr"
"984","152","9","Jaunpur"
"985","152","9","Mariahu"
"986","152","9","Kerakat"
"987","146","9","Jakhania"
"988","146","9","Saidpur"
"989","146","9","Ghazipur"
"990","146","9","Mohammadabad"
"991","146","9","Zamania"
"992","135","9","Sakaldiha"
"993","135","9","Chandauli"
"994","135","9","Chakia"
"995","187","9","Pindra"
"996","187","9","Sadar"
"997","179","9","Bhadohi"
"998","179","9","Gyanpur"
"999","179","9","Aurai"
"1000","170","9","Mirzapur"
"1001","170","9","Lalganj"
"1002","170","9","Marihan"
"1003","170","9","Chunar"
"1004","184","9","Ghorawal"
"1005","184","9","Robertsganj"
"1006","184","9","Dudhi"
"1007","138","9","Aliganj"
"1008","138","9","Etah"
"1009","138","9","Jalesar"
"1010","633","9","Kasganj"
"1011","633","9","Sahawar"
"1012","633","9","Patiyali"
"1013","211","10","Sidhaw"
"1014","211","10","Ramnagar"
"1015","211","10","Gaunaha"
"1016","211","10","Mainatanr"
"1017","211","10","Narkatiaganj"
"1018","211","10","Lauriya"
"1019","211","10","Bagaha"
"1020","211","10","Piprasi"
"1021","211","10","Madhubani"
"1022","211","10","Bhitaha"
"1023","211","10","Thakrahan"
"1024","211","10","Jogapatti"
"1025","211","10","Chanpatia"
"1026","211","10","Sikta"
"1027","211","10","Majhaulia"
"1028","211","10","Bettiah"
"1029","211","10","Bairia"
"1030","211","10","Nautan"
"1031","213","10","Raxaul"
"1032","213","10","Adapur"
"1033","213","10","Ramgarhwa"
"1034","213","10","Sugauli"
"1035","213","10","Banjaria"
"1036","213","10","Narkatia"
"1037","213","10","Bankatwa"
"1038","213","10","Ghorasahan"
"1039","213","10","Dhaka"
"1040","213","10","Chiraia"
"1041","213","10","Motihari"
"1042","213","10","Turkaulia"
"1043","213","10","Harsidhi"
"1044","213","10","Paharpur"
"1045","213","10","Areraj"
"1046","213","10","Sangrampur"
"1047","213","10","Kesaria"
"1048","213","10","Kalyanpur"
"1049","213","10","Kotwa"
"1050","213","10","Piprakothi"
"1051","213","10","Chakia(Pipra)"
"1052","213","10","Pakri Dayal"
"1053","213","10","Patahi"
"1054","213","10","Phenhara"
"1055","213","10","Madhuban"
"1056","213","10","Tetaria"
"1057","213","10","Mehsi"
"1058","220","10","Purnahiya"
"1059","220","10","Piprarhi"
"1060","220","10","Sheohar"
"1061","220","10","Dumri Katsari"
"1062","220","10","Tariani Chowk"
"1063","221","10","Bairgania"
"1064","221","10","Suppi"
"1065","221","10","Majorganj"
"1066","221","10","Sonbarsa"
"1067","221","10","Parihar"
"1068","221","10","Sursand"
"1069","221","10","Bathnaha"
"1070","221","10","Riga"
"1071","221","10","Parsauni"
"1072","221","10","Belsand"
"1073","221","10","Runisaidpur"
"1074","221","10","Dumra"
"1075","221","10","Bajpatti"
"1076","221","10","Charaut"
"1077","221","10","Pupri"
"1078","221","10","Nanpur"
"1079","221","10","Bokhara"
"1080","206","10","Madhwapur"
"1081","206","10","Harlakhi"
"1082","206","10","Basopatti"
"1083","206","10","Jainagar"
"1084","206","10","Ladania"
"1085","206","10","Laukaha"
"1086","206","10","Laukahi"
"1087","206","10","Phulparas"
"1088","206","10","Babubarhi"
"1089","206","10","Khajauli"
"1090","206","10","Kaluahi"
"1091","206","10","Benipatti"
"1092","206","10","Bisfi"
"1093","206","10","Madhubani"
"1094","206","10","Pandaul"
"1095","206","10","Rajnagar"
"1096","206","10","Andhratharhi"
"1097","206","10","Jhanjharpur"
"1098","206","10","Ghoghardiha"
"1099","206","10","Lakhnaur"
"1100","206","10","Madhepur"
"1101","223","10","Nirmali"
"1102","223","10","Basantpur"
"1103","223","10","Chhatapur"
"1104","223","10","Pratapganj"
"1105","223","10","Raghopur"
"1106","223","10","Saraigarh Bhaptiyahi"
"1107","223","10","Kishanpur"
"1108","223","10","Marauna"
"1109","223","10","Supaul"
"1110","223","10","Pipra"
"1111","223","10","Tribeniganj"
"1112","188","10","Narpatganj"
"1113","188","10","Forbesganj"
"1114","188","10","Bhargama"
"1115","188","10","Raniganj"
"1116","188","10","Araria"
"1117","188","10","Kursakatta"
"1118","188","10","Sikti"
"1119","188","10","Palasi"
"1120","188","10","Jokihat"
"1121","203","10","Terhagachh"
"1122","203","10","Dighalbank"
"1123","203","10","Thakurganj"
"1124","203","10","Pothia"
"1125","203","10","Bahadurganj"
"1126","203","10","Kochadhamin"
"1127","203","10","Kishanganj"
"1128","214","10","Banmankhi"
"1129","214","10","Barhara"
"1130","214","10","Bhawanipur"
"1131","214","10","Rupauli"
"1132","214","10","Dhamdaha"
"1133","214","10","Krityanand Nagar"
"1134","214","10","Purnia East"
"1135","214","10","Kasba"
"1136","214","10","Srinagar"
"1137","214","10","Jalalgarh"
"1138","214","10","Amour"
"1139","214","10","Baisa"
"1140","214","10","Baisi"
"1141","214","10","Dagarua"
"1142","201","10","Falka"
"1143","201","10","Korha"
"1144","201","10","Hasanganj"
"1145","201","10","Kadwa"
"1146","201","10","Balrampur"
"1147","201","10","Barsoi"
"1148","201","10","Azamnagar"
"1149","201","10","Pranpur"
"1150","201","10","Dandkhora"
"1151","201","10","Katihar"
"1152","201","10","Mansahi"
"1153","201","10","Barari"
"1154","201","10","Sameli"
"1155","201","10","Kursela"
"1156","201","10","Manihari"
"1157","201","10","Amdabad"
"1158","205","10","Gamharia"
"1159","205","10","Singheshwar"
"1160","205","10","Ghailarh"
"1161","205","10","Madhepura"
"1162","205","10","Shankarpur"
"1163","205","10","Kumarkhand"
"1164","205","10","Murliganj"
"1165","205","10","Gwalpara"
"1166","205","10","Bihariganj"
"1167","205","10","Kishanganj"
"1168","205","10","Puraini"
"1169","205","10","Alamnagar"
"1170","205","10","Chausa"
"1171","216","10","Nauhatta"
"1172","216","10","Satar Kataiya"
"1173","216","10","Mahishi"
"1174","216","10","Kahara"
"1175","216","10","Saur Bazar"
"1176","216","10","Patarghat"
"1177","216","10","Sonbarsa"
"1178","216","10","Simri Bakhtiarpur"
"1179","216","10","Salkhua"
"1180","216","10","Banma Itahri"
"1181","195","10","Jale"
"1182","195","10","Singhwara"
"1183","195","10","Keotiranway"
"1184","195","10","Darbhanga"
"1185","195","10","Manigachhi"
"1186","195","10","Tardih"
"1187","195","10","Alinagar"
"1188","195","10","Benipur"
"1189","195","10","Bahadurpur"
"1190","195","10","Hanumannagar"
"1191","195","10","Hayaghat"
"1192","195","10","Baheri"
"1193","195","10","Biraul"
"1194","195","10","Ghanshyampur"
"1195","195","10","Kiratpur"
"1196","195","10","Gora Bauram"
"1197","195","10","Kusheshwar Asthan"
"1198","195","10","Kusheshwar Asthan Purbi"
"1199","208","10","Sahebganj"
"1200","208","10","Baruraj (Motipur)"
"1201","208","10","Paroo"
"1202","208","10","Saraiya"
"1203","208","10","Marwan"
"1204","208","10","Kanti"
"1205","208","10","Minapur"
"1206","208","10","Bochaha"
"1207","208","10","Aurai"
"1208","208","10","Katra"
"1209","208","10","Gaighat"
"1210","208","10","Bandra"
"1211","208","10","Dholi (Moraul)"
"1212","208","10","Musahri"
"1213","208","10","Kurhani"
"1214","208","10","Sakra"
"1215","197","10","Katiya"
"1216","197","10","Bijaipur"
"1217","197","10","Bhorey"
"1218","197","10","Pach Deuri"
"1219","197","10","Kuchaikote"
"1220","197","10","Phulwaria"
"1221","197","10","Hathua"
"1222","197","10","Uchkagaon"
"1223","197","10","Thawe"
"1224","197","10","Gopalganj"
"1225","197","10","Manjha"
"1226","197","10","Barauli"
"1227","197","10","Sidhwalia"
"1228","197","10","Baikunthpur"
"1229","222","10","Nautan"
"1230","222","10","Siwan"
"1231","222","10","Barharia"
"1232","222","10","Goriakothi"
"1233","222","10","Lakri Nabiganj"
"1234","222","10","Basantpur"
"1235","222","10","Bhagwanpur Hat"
"1236","222","10","Maharajganj"
"1237","222","10","Pachrukhi"
"1238","222","10","Hussainganj"
"1239","222","10","Ziradei"
"1240","222","10","Mairwa"
"1241","222","10","Guthani"
"1242","222","10","Darauli"
"1243","222","10","Andar"
"1244","222","10","Raghunathpur"
"1245","222","10","Hasanpura"
"1246","222","10","Daraundha"
"1247","222","10","Siswan"
"1248","218","10","Mashrakh"
"1249","218","10","Panapur"
"1250","218","10","Taraiya"
"1251","218","10","Ishupur"
"1252","218","10","Baniapur"
"1253","218","10","Lahladpur"
"1254","218","10","Ekma"
"1255","218","10","Manjhi"
"1256","218","10","Jalalpur"
"1257","218","10","Revelganj"
"1258","218","10","Chapra"
"1259","218","10","Nagra"
"1260","218","10","Marhaura"
"1261","218","10","Amnour"
"1262","218","10","Maker"
"1263","218","10","Parsa"
"1264","218","10","Dariapur"
"1265","218","10","Garkha"
"1266","218","10","Dighwara"
"1267","218","10","Sonepur"
"1268","224","10","Vaishali"
"1269","224","10","Paterhi Belsar"
"1270","224","10","Lalganj"
"1271","224","10","Bhagwanpur"
"1272","224","10","Goraul"
"1273","224","10","Chehra Kalan"
"1274","224","10","Patepur"
"1275","224","10","Mahua"
"1276","224","10","Jandaha"
"1277","224","10","Raja Pakar"
"1278","224","10","Hajipur"
"1279","224","10","Raghopur"
"1280","224","10","Bidupur"
"1281","224","10","Desri"
"1282","224","10","Sahdai Buzurg"
"1283","224","10","Mahnar"
"1284","217","10","Kalyanpur"
"1285","217","10","Warisnagar"
"1286","217","10","Shivaji Nagar"
"1287","217","10","Khanpur"
"1288","217","10","Samastipur"
"1289","217","10","Pusa"
"1290","217","10","Tajpur"
"1291","217","10","Morwa"
"1292","217","10","Patori"
"1293","217","10","Mohanpur"
"1294","217","10","Mohiuddinagar"
"1295","217","10","Sarairanjan"
"1296","217","10","Vidyapati Nagar"
"1297","217","10","Dalsinghsarai"
"1298","217","10","Ujiarpur"
"1299","217","10","Bibhutpur"
"1300","217","10","Rosera"
"1301","217","10","Singhia"
"1302","217","10","Hasanpur"
"1303","217","10","Bithan"
"1304","191","10","Khudabandpur"
"1305","191","10","Chhorahi"
"1306","191","10","Garhpura"
"1307","191","10","Cheria Bariarpur"
"1308","191","10","Bhagwanpur"
"1309","191","10","Mansurchak"
"1310","191","10","Bachhwara"
"1311","191","10","Teghra"
"1312","191","10","Barauni"
"1313","191","10","Birpur"
"1314","191","10","Begusarai"
"1315","191","10","Naokothi"
"1316","191","10","Bakhri"
"1317","191","10","Dandari"
"1318","191","10","Sahebpur Kamal"
"1319","191","10","Balia"
"1320","191","10","Matihani"
"1321","191","10","Shamho Akha Kurha"
"1322","202","10","Alauli"
"1323","202","10","Khagaria"
"1324","202","10","Mansi"
"1325","202","10","Chautham"
"1326","202","10","Beldaur"
"1327","202","10","Gogri"
"1328","202","10","Parbatta"
"1329","192","10","Narayanpur"
"1330","192","10","Bihpur"
"1331","192","10","Kharik"
"1332","192","10","Naugachhia"
"1333","192","10","Rangra Chowk"
"1334","192","10","Gopalpur"
"1335","192","10","Pirpainti"
"1336","192","10","Kahalgaon"
"1337","192","10","Ismailpur"
"1338","192","10","Sabour"
"1339","192","10","Nathnagar"
"1340","192","10","Sultanganj"
"1341","192","10","Shahkund"
"1342","192","10","Goradih"
"1343","192","10","Jagdishpur"
"1344","192","10","Sonhaula"
"1345","190","10","Shambhuganj"
"1346","190","10","Amarpur"
"1347","190","10","Rajaun"
"1348","190","10","Dhuraiya"
"1349","190","10","Barahat"
"1350","190","10","Banka"
"1351","190","10","Phulidumar"
"1352","190","10","Belhar"
"1353","190","10","Chanan"
"1354","190","10","Katoria"
"1355","190","10","Bausi"
"1356","207","10","Munger"
"1357","207","10","Bariarpur"
"1358","207","10","Jamalpur"
"1359","207","10","Dharhara"
"1360","207","10","Kharagpur"
"1361","207","10","Asarganj"
"1362","207","10","Tarapur"
"1363","207","10","Tetiha Bambor"
"1364","207","10","Sangrampur"
"1365","204","10","Barahiya"
"1366","204","10","Pipariya"
"1367","204","10","Surajgarha"
"1368","204","10","Lakhisarai"
"1369","204","10","Chanan*"
"1370","204","10","Ramgarh Chowk"
"1371","204","10","Halsi"
"1372","219","10","Barbigha"
"1373","219","10","Shekhopur Sarai"
"1374","219","10","Sheikhpura"
"1375","219","10","Ghat Kusumbha"
"1376","219","10","Chewara"
"1377","219","10","Ariari"
"1378","209","10","Karai Parsurai"
"1379","209","10","Nagar Nausa"
"1380","209","10","Harnaut"
"1381","209","10","Chandi"
"1382","209","10","Rahui"
"1383","209","10","Bind"
"1384","209","10","Sarmera"
"1385","209","10","Asthawan"
"1386","209","10","Bihar"
"1387","209","10","Noorsarai"
"1388","209","10","Tharthari"
"1389","209","10","Parbalpur"
"1390","209","10","Hilsa"
"1391","209","10","Ekangarsarai"
"1392","209","10","Islampur"
"1393","209","10","Ben"
"1394","209","10","Rajgir"
"1395","209","10","Silao"
"1396","209","10","Giriak"
"1397","209","10","Katrisarai"
"1398","212","10","Maner"
"1399","212","10","Dinapur-Cum-Khagaul"
"1400","212","10","Patna Rural"
"1401","212","10","Sampatchak"
"1402","212","10","Phulwari"
"1403","212","10","Bihta"
"1404","212","10","Naubatpur"
"1405","212","10","Bikram"
"1406","212","10","Dulhin Bazar"
"1407","212","10","Paliganj"
"1408","212","10","Masaurhi"
"1409","212","10","Dhanarua"
"1410","212","10","Punpun"
"1411","212","10","Fatwah"
"1412","212","10","Daniawan"
"1413","212","10","Khusrupur"
"1414","212","10","Bakhtiarpur"
"1415","212","10","Athmalgola"
"1416","212","10","Belchhi"
"1417","212","10","Barh"
"1418","212","10","Pandarak"
"1419","212","10","Ghoswari"
"1420","212","10","Mokameh"
"1421","193","10","Shahpur"
"1422","193","10","Arrah"
"1423","193","10","Barhara"
"1424","193","10","Koilwar"
"1425","193","10","Sandesh"
"1426","193","10","Udwant Nagar"
"1427","193","10","Behea"
"1428","193","10","Jagdishpur"
"1429","193","10","Piro"
"1430","193","10","Charpokhari"
"1431","193","10","Garhani"
"1432","193","10","Agiaon"
"1433","193","10","Tarari"
"1434","193","10","Sahar"
"1435","194","10","Simri"
"1436","194","10","Chakki"
"1437","194","10","Barhampur"
"1438","194","10","Chaugain"
"1439","194","10","Kesath"
"1440","194","10","Dumraon"
"1441","194","10","Buxar"
"1442","194","10","Chausa"
"1443","194","10","Rajpur"
"1444","194","10","Itarhi"
"1445","194","10","Nawanagar"
"1446","200","10","Ramgarh"
"1447","200","10","Nuaon"
"1448","200","10","Kudra"
"1449","200","10","Mohania"
"1450","200","10","Durgawati"
"1451","200","10","Chand"
"1452","200","10","Chainpur"
"1453","200","10","Bhabua"
"1454","200","10","Rampur"
"1455","200","10","Bhagwanpur"
"1456","200","10","Adhaura"
"1457","215","10","Kochas"
"1458","215","10","Dinara"
"1459","215","10","Dawath"
"1460","215","10","Suryapura"
"1461","215","10","Bikramganj"
"1462","215","10","Karakat"
"1463","215","10","Nasriganj"
"1464","215","10","Rajpur"
"1465","215","10","Sanjhauli"
"1466","215","10","Nokha"
"1467","215","10","Kargahar"
"1468","215","10","Chenari"
"1469","215","10","Nauhatta"
"1470","215","10","Sheosagar"
"1471","215","10","Sasaram"
"1472","215","10","Akorhi Gola"
"1473","215","10","Dehri"
"1474","215","10","Tilouthu"
"1475","215","10","Rohtas"
"1476","189","10","Daudnagar"
"1477","189","10","Haspura"
"1478","189","10","Goh"
"1479","189","10","Rafiganj"
"1480","189","10","Obra"
"1481","189","10","Aurangabad"
"1482","189","10","Barun"
"1483","189","10","Nabinagar"
"1484","189","10","Kutumba"
"1485","189","10","Deo"
"1486","189","10","Madanpur"
"1487","196","10","Konch"
"1488","196","10","Tikari"
"1489","196","10","Belaganj"
"1490","196","10","Khizirsarai"
"1491","196","10","Neem Chak Bathani"
"1492","196","10","Muhra"
"1493","196","10","Atri"
"1494","196","10","Manpur"
"1495","196","10","Gaya Town C.D.Block"
"1496","196","10","Paraiya"
"1497","196","10","Guraru"
"1498","196","10","Gurua"
"1499","196","10","Amas"
"1500","196","10","Banke Bazar"
"1501","196","10","Imamganj"
"1502","196","10","Dumaria"
"1503","196","10","Sherghati"
"1504","196","10","Dobhi"
"1505","196","10","Bodh Gaya"
"1506","196","10","Tan Kuppa"
"1507","196","10","Wazirganj"
"1508","196","10","Fatehpur"
"1509","196","10","Mohanpur"
"1510","196","10","Barachatti"
"1511","210","10","Nardiganj"
"1512","210","10","Nawada"
"1513","210","10","Warisaliganj"
"1514","210","10","Kashi Chak"
"1515","210","10","Pakribarawan"
"1516","210","10","Kawakol"
"1517","210","10","Roh"
"1518","210","10","Gobindpur"
"1519","210","10","Akbarpur"
"1520","210","10","Hisua"
"1521","210","10","Narhat"
"1522","210","10","Meskaur"
"1523","210","10","Sirdala"
"1524","210","10","Rajauli"
"1525","198","10","Islamnagar Aliganj"
"1526","198","10","Sikandra"
"1527","198","10","Jamui"
"1528","198","10","Barhat"
"1529","198","10","Lakshmipur"
"1530","198","10","Jhajha"
"1531","198","10","Gidhaur"
"1532","198","10","Khaira"
"1533","198","10","Sono"
"1534","198","10","Chakai"
"1535","199","10","Ratni Faridpur"
"1536","199","10","Jehanabad"
"1537","199","10","Kako"
"1538","199","10","Modanganj"
"1539","199","10","Ghoshi"
"1540","199","10","Makhdumpur"
"1541","199","10","Hulasganj"
"1542","611","10","Arwal"
"1543","611","10","Kaler"
"1544","611","10","Karpi"
"1545","611","10","Sonbhadra Banshi Suryapur"
"1546","611","10","Kurtha"
"1547","226","11","Chungthang"
"1548","226","11","Mangan"
"1549","228","11","Gyalshing"
"1550","742","11","Soreng"
"1551","227","11","Namchi"
"1552","227","11","Ravangla"
"1553","225","11","Gangtok"
"1554","741","11","Pakyong"
"1555","741","11","Rongli"
"1556","238","12","Zemithang Circle"
"1557","238","12","Lumla Adc"
"1559","238","12","Tawang Hq"
"1560","238","12","Kitpi Circle"
"1561","238","12","Jang Adc"
"1563","238","12","Mukto Circle"
"1566","242","12","Dirang Adc"
"1568","242","12","Nafra Eac"
"1570","242","12","Kalaktang Adc"
"1573","242","12","Singchung Adc"
"1575","242","12","Thrizino Adc"
"1581","723","12","Pakke Kessang Eac"
"1584","231","12","Seppa Hq"
"1586","231","12","Bameng Adc"
"1587","231","12","Pipu Dipu Circle"
"1588","231","12","Gyawe Purang Circle"
"1590","231","12","Chayangtajo Adc"
"1591","231","12","Sawa Circle"
"1592","237","12","Balijan Adc"
"1595","237","12","Taraso Circle"
"1596","237","12","Naharlagun Eac"
"1598","237","12","Doimukh Sdo"
"1600","237","12","Toru Circle"
"1601","237","12","Sagalee Adc"
"1602","237","12","Parang Circle"
"1603","237","12","Leporiang Circle"
"1604","237","12","Mengio Eac"
"1605","237","12","Kimin Sdo"
"1608","241","12","Limeking Circle"
"1609","241","12","Nacho Sdo"
"1610","241","12","Siyum Adc"
"1611","241","12","Taliha Adc"
"1612","241","12","Payeng Circle"
"1613","241","12","Giba Circle"
"1614","241","12","Chetam Peer Yapu Circle"
"1615","241","12","Daporijo Hq"
"1616","718","12","Puchi Geko Circle"
"1617","241","12","Dumporijo Adc"
"1620","241","12","Baririjo Circle"
"1622","725","12","Mechuka Adc"
"1623","725","12","Monigong Eac"
"1627","679","12","Kaying Eac"
"1628","243","12","Darak Circle"
"1630","679","12","Rumgong Adc"
"1632","243","12","Liromoba Eac"
"1633","243","12","Yomcha Adc"
"1635","724","12","Tirbin Eac"
"1636","724","12","Basar Adc"
"1637","724","12","Daring Circle"
"1638","719","12","Gensi Eac"
"1640","719","12","Likabali Sdo"
"1643","679","12","Boleng Adc"
"1644","679","12","Riga Eac"
"1645","679","12","Pangin Eac"
"1646","679","12","Kebang Circle"
"1647","679","12","Rebo Perging Circle"
"1648","719","12","Koyu Eac"
"1651","719","12","Nari Adc"
"1652","232","12","Bilat Circle"
"1653","232","12","Ruksin Adc"
"1654","232","12","Oyan Circle"
"1656","232","12","Mebo Adc"
"1658","240","12","Tuting Adc"
"1659","240","12","Migging Circle"
"1660","240","12","Palling Circle"
"1661","240","12","Gelling Circle"
"1662","240","12","Singa Circle"
"1663","240","12","Yingkiong Circle"
"1664","240","12","Jengging Circle"
"1665","240","12","Geku Eac"
"1666","240","12","Mariyang Adc"
"1667","240","12","Mopom Adipasi Circle"
"1668","240","12","Katan Circle"
"1669","229","12","Khimiyang Eac"
"1671","229","12","Changlang Hq"
"1673","229","12","Manmao Eac"
"1676","229","12","Nampong Sdo"
"1679","229","12","Vijoynagar Eac"
"1680","229","12","Miao Adc"
"1681","229","12","Kharsang Circle"
"1682","229","12","Diyun Eac"
"1683","229","12","Bordumsa Adc"
"1684","239","12","Deomali Adc"
"1685","239","12","Soha Circle"
"1686","239","12","Khonsa Hq"
"1687","239","12","Dadam Circle"
"1688","666","12","Kanubari Adc"
"1689","666","12","Lawnu Circle"
"1692","666","12","Pangchao Sdo"
"1694","239","12","Laju Sdo"
"1695","236","12","Ziro Hq"
"1697","236","12","Yachuli Adc"
"1698","236","12","Yazali Circle"
"1700","718","12","Kamporijo Circle"
"1701","718","12","Dollungmukh Circle"
"1703","677","12","Palin Circle"
"1704","677","12","Yangte Circle"
"1705","233","12","Sangram Sdo"
"1706","233","12","Nyapin Adc"
"1707","233","12","Phassang Circle"
"1709","677","12","Chambang Circle"
"1710","677","12","Gangte Circle"
"1711","677","12","Tarak Lengdi Cicle"
"1712","233","12","Sarli Circle"
"1714","233","12","Damin Circle"
"1715","677","12","Pipsorang Circle"
"1716","677","12","Tali Adc"
"1717","230","12","Mipi"
"1718","230","12","Anini"
"1719","230","12","Etalin"
"1720","230","12","Anelih"
"1721","230","12","Kronli (Arzoo Circle)"
"1724","235","12","Roing Hq"
"1725","235","12","Dambuk Adc"
"1726","235","12","Tinali Paglam Circle"
"1727","235","12","Koronu Circle"
"1728","234","12","Sunpura Circle"
"1729","234","12","Tezu Hq"
"1730","234","12","Wakro Circle"
"1731","678","12","Chongkham Eac"
"1732","678","12","Namsai Hq"
"1733","678","12","Lathao Circle"
"1735","678","12","Lekang Mahadevpur Circle"
"1736","628","12","Hayuliang Adc"
"1737","628","12","Manchal Circle"
"1738","628","12","Goiliang Circle"
"1739","628","12","Chaglagam Circle"
"1740","628","12","Metengliang Circle"
"1741","628","12","Kibithoo Circle"
"1742","628","12","Walong Circle"
"1743","628","12","Hawai Hq"
"1744","247","13","Naginimora"
"1745","247","13","Tizit"
"1746","247","13","Hunta"
"1747","247","13","Shangnyu"
"1748","247","13","Mon Sadar"
"1749","247","13","Wakching"
"1750","247","13","Aboi"
"1751","247","13","Longshen"
"1752","247","13","Phomching"
"1753","247","13","Chen"
"1754","247","13","Angjangyang"
"1755","247","13","Mopong"
"1756","247","13","Tobu"
"1757","247","13","Monyakshu"
"1758","246","13","Longchem"
"1759","246","13","Alongkima"
"1760","246","13","Tuli"
"1761","246","13","Changtongya"
"1762","246","13","Chuchuyimlang"
"1763","246","13","Kubolong"
"1764","246","13","Mangkolemba"
"1765","246","13","Merangmen"
"1766","246","13","Ongpangkong"
"1767","251","13","V.K."
"1768","251","13","Akuluto"
"1769","251","13","Suruhuto"
"1770","251","13","Asuto"
"1771","251","13","Aghunato"
"1772","251","13","Zunheboto Sadar"
"1773","251","13","Atoizu"
"1774","251","13","Akuhaito"
"1775","251","13","Pughoboto"
"1776","251","13","Ghathashi"
"1777","251","13","Satakha"
"1778","251","13","Saptiqa"
"1779","251","13","Satoi"
"1780","250","13","Changpang"
"1781","250","13","Aitepyong"
"1782","250","13","Bhandari"
"1783","250","13","Baghty"
"1784","250","13","Sungro"
"1785","250","13","Sanis"
"1786","250","13","Lotsu"
"1787","250","13","Ralan"
"1788","250","13","Wozhuro"
"1789","250","13","Wokha Sadar"
"1790","250","13","Englan"
"1791","250","13","Chukitong"
"1792","764","13","Niuland"
"1793","244","13","Aquqhnaqua"
"1794","244","13","Kuhoboto"
"1795","244","13","Nihokhu"
"1796","244","13","Dimapur Sadar"
"1797","758","13","Chumukedima"
"1798","758","13","Dhansiripar"
"1799","758","13","Medziphema"
"1800","248","13","Sekruzu"
"1801","248","13","Phek Sadar"
"1802","248","13","Khuza"
"1803","248","13","Meluri"
"1804","248","13","Phor"
"1805","248","13","Phokhungri"
"1806","248","13","Chozuba"
"1807","248","13","Chetheba"
"1808","248","13","Sakraba"
"1809","248","13","Pfutsero"
"1810","248","13","Zuketsa"
"1811","248","13","Khezhakeno"
"1812","248","13","Chizami"
"1813","248","13","Razieba"
"1814","249","13","Noksen"
"1815","249","13","Chare"
"1816","249","13","Longkhim"
"1817","249","13","Tuensang Sadar"
"1818","249","13","Ngoungchung"
"1819","249","13","Sangsangnyu"
"1820","765","13","Sotokur"
"1821","736","13","Noklak"
"1822","249","13","Chingmei"
"1823","736","13","Nokhu"
"1824","736","13","Panso"
"1825","765","13","Shamator"
"1826","765","13","Tsurungto"
"1827","765","13","Chessore"
"1828","765","13","Mangko"
"1829","736","13","Thonoknyu"
"1830","615","13","Tamlu"
"1831","615","13","Namsang"
"1832","615","13","Yongnyah"
"1833","615","13","Longleng"
"1834","615","13","Sakshi"
"1835","614","13","Seyochung"
"1836","614","13","Amahator"
"1837","614","13","Kiphire Sadar"
"1838","614","13","Kiusam"
"1839","614","13","Sitimi"
"1840","614","13","Longmatra"
"1841","614","13","Pungro"
"1842","614","13","Khongsa"
"1843","757","13","Tseminyu"
"1844","757","13","Tsogin"
"1845","245","13","Chiephobozou"
"1846","245","13","Botsa"
"1847","245","13","Kezocha"
"1848","245","13","Jakhama"
"1849","245","13","Kohima Sadar"
"1850","245","13","Sechu-Zubza"
"1851","613","13","Pedi (Ngwalwa)"
"1852","613","13","Jalukie"
"1853","613","13","Athibung"
"1854","613","13","Kebai Khelma"
"1855","613","13","Nsong"
"1856","613","13","Tening"
"1857","613","13","Peren"
"1859","257","14","Paomata"
"1860","257","14","Purul"
"1861","712","14","Kangpokpi"
"1862","712","14","Saitu-Gamphazol"
"1864","258","14","Tamenglong West"
"1865","258","14","Tamenglong North"
"1866","258","14","Tamenglong"
"1867","714","14","Nungba"
"1868","715","14","Tipaimukh"
"1869","715","14","Thanlon"
"1870","254","14","Tuibong"
"1871","254","14","Churachandpur"
"1872","254","14","Singngat"
"1873","252","14","Nambol"
"1874","252","14","Bishnupur"
"1875","252","14","Moirang"
"1876","259","14","Lilong"
"1877","259","14","Thoubal"
"1878","711","14","Kakching"
"1879","256","14","Lamsang"
"1880","256","14","Patsoi"
"1881","256","14","Lamphelpat"
"1882","256","14","Wangoi"
"1883","713","14","Jiribam"
"1884","255","14","Sawombung"
"1885","255","14","Porompat"
"1886","255","14","Keirao Bitra"
"1887","260","14","Chingai"
"1888","260","14","Ukhrul"
"1889","717","14","Kamjong"
"1890","717","14","Phungyar"
"1891","717","14","Kasom Khullen"
"1892","716","14","Machi"
"1893","716","14","Tengnoupal"
"1894","253","14","Chandel"
"1895","253","14","Chakpikarong"
"1896","266","15","Zawlnuam"
"1897","266","15","West Phaileng"
"1898","266","15","Reiek"
"1899","263","15","N Thingdawl"
"1900","263","15","Bilkhawthlir"
"1901","261","15","Tlangnuam"
"1902","261","15","Darlawn"
"1903","727","15","Phullen"
"1904","261","15","Aibawk"
"1905","261","15","Thingsulthliah"
"1906","727","15","Ngopa"
"1907","728","15","Khawzawl"
"1908","262","15","Champhai"
"1909","262","15","Khawbung"
"1910","268","15","Serchhip"
"1911","268","15","East Lungdar"
"1912","265","15","Bunghmun"
"1913","265","15","Lungsen"
"1914","265","15","Lunglei"
"1915","726","15","Hnahthial"
"1916","264","15","Chawngte"
"1917","264","15","Lawngtlai"
"1918","264","15","S Bungtlang"
"1919","264","15","Sangau"
"1920","267","15","Tipa"
"1921","267","15","Siaha"
"1962","278","17","Selsella"
"1963","278","17","Dadenggiri"
"1964","278","17","Tikrikilla"
"1965","278","17","Rongram"
"1966","663","17","Betasing"
"1967","663","17","Zikzak"
"1968","278","17","Gambegre"
"1969","278","17","Dalu"
"1970","656","17","Resubelpara"
"1971","273","17","Dambo Rongjeng"
"1972","656","17","Kharkutta"
"1973","273","17","Songsak"
"1974","273","17","Samanda"
"1975","277","17","Chokpot"
"1976","277","17","Gasuapara"
"1977","277","17","Baghmara"
"1978","277","17","Rongara"
"1979","279","17","Mawshynrut"
"1980","279","17","Nongstoin"
"1981","740","17","Mawthadraishan"
"1982","740","17","Mairang"
"1983","658","17","Ranikor"
"1984","658","17","Mawkyrwat"
"1985","276","17","Umling"
"1986","276","17","Jirang"
"1987","276","17","Umsning"
"1988","274","17","Mawphlang"
"1989","274","17","Mylliem"
"1990","274","17","Mawryngkneng"
"1991","274","17","Mawkynrew"
"1992","274","17","Khatarshnong Laitkroh"
"1993","274","17","Mawsynram"
"1994","274","17","Shella Bholaganj"
"1995","274","17","Pynursla"
"1996","275","17","Thadlaskein"
"1997","275","17","Laskein"
"1998","275","17","Amlarem"
"1999","657","17","Wapung"
"2000","657","17","Saipung"
"2001","294","18","Gossaigaon (Pt)"
"2002","294","18","Bhowraguri"
"2003","294","18","Dotoma"
"2005","294","18","Bagribari (Pt)"
"2006","285","18","Agamoni"
"2011","707","18","South Salmara"
"2012","707","18","Mankachar"
"2013","287","18","Lakhipur"
"2014","287","18","Balijana"
"2015","287","18","Matia"
"2016","287","18","Dudhnai"
"2017","287","18","Rangjuli"
"2018","280","18","Barnagar (Pt)"
"2019","280","18","Kalgachia"
"2020","280","18","Baghbor"
"2021","280","18","Chenga"
"2022","280","18","Barpeta"
"2023","280","18","Sarthebari"
"2024","739","18","Bajali (Pt)"
"2025","739","18","Sarupeta (Pt)"
"2026","296","18","Mayong"
"2027","296","18","Bhuragaon"
"2028","296","18","Laharighat"
"2029","296","18","Marigaon"
"2030","296","18","Mikirbheta"
"2031","297","18","Kaliabor"
"2032","297","18","Samaguri"
"2033","297","18","Rupahi"
"2034","297","18","Dhing"
"2035","297","18","Nagaon"
"2036","297","18","Raha"
"2037","297","18","Kampur"
"2038","709","18","Hojai"
"2039","709","18","Doboka"
"2040","709","18","Lanka"
"2041","301","18","Dhekiajuli (Pt)"
"2042","301","18","Chariduar"
"2043","301","18","Tezpur"
"2044","705","18","Na-Duar"
"2045","705","18","Biswanath"
"2046","705","18","Helem"
"2047","705","18","Gohpur"
"2048","295","18","Narayanpur"
"2049","295","18","Bihpuria"
"2050","295","18","Naobaicha"
"2051","295","18","Kadam"
"2052","295","18","North Lakhimpur"
"2053","295","18","Dhakuakhana (Pt-I)"
"2054","295","18","Subansiri (Pt-I)"
"2055","284","18","Dhemaji"
"2056","284","18","Sissibargaon"
"2057","284","18","Jonai"
"2058","284","18","Gogamukh"
"2059","302","18","Sadiya"
"2060","302","18","Doom Dooma"
"2061","302","18","Tinsukia"
"2062","302","18","Margherita"
"2063","286","18","Dibrugarh West"
"2064","286","18","Dibrugarh East"
"2065","286","18","Chabua"
"2066","286","18","Tengakhat"
"2067","286","18","Moran"
"2068","286","18","Tingkhong"
"2069","286","18","Naharkatiya"
"2070","300","18","Dimow"
"2071","300","18","Sibsagar"
"2072","300","18","Amguri"
"2073","300","18","Nazira"
"2074","708","18","Sonari"
"2075","708","18","Mahmora"
"2076","706","18","Majuli"
"2077","290","18","Jorhat West"
"2078","290","18","Jorhat East"
"2079","290","18","Teok"
"2080","290","18","Titabor"
"2081","290","18","Mariani"
"2082","288","18","Bokakhat"
"2083","288","18","Khumtai"
"2084","288","18","Dergaon"
"2085","288","18","Golaghat"
"2086","288","18","Morangi"
"2087","288","18","Sarupathar"
"2088","710","18","Donka"
"2089","292","18","Diphu"
"2090","292","18","Phuloni"
"2091","292","18","Silonijan"
"2093","299","18","Haflong"
"2096","282","18","Katigora"
"2097","282","18","Silchar"
"2098","282","18","Udarbond"
"2099","282","18","Sonai"
"2100","282","18","Lakhipur"
"2101","293","18","Karimganj"
"2102","293","18","Badarpur"
"2103","293","18","Nilambazar"
"2104","293","18","Patharkandi"
"2105","293","18","Ramkrishna Nagar"
"2106","289","18","Algapur"
"2107","289","18","Hailakandi"
"2108","289","18","Lala"
"2109","289","18","Katlichara"
"2110","281","18","Bongaigaon (Pt)"
"2111","281","18","Boitamari"
"2112","281","18","Srijangram"
"2113","612","18","Bengtol"
"2114","612","18","Sidli (Pt)"
"2115","612","18","Bijni (Pt)"
"2117","291","18","Koya"
"2118","291","18","Kamalpur"
"2119","291","18","Hajo"
"2120","291","18","Chhaygaon"
"2121","291","18","Goroimari"
"2122","291","18","Chamaria"
"2123","291","18","Nagarbera"
"2124","291","18","Boko"
"2125","291","18","Palasbari"
"2126","291","18","North Guwahati (Pt)"
"2127","618","18","Azara"
"2128","618","18","Guwahati"
"2129","618","18","Dispur"
"2130","618","18","Sonapur"
"2131","618","18","Chandrapur"
"2132","298","18","Tihu (Pt)"
"2133","298","18","Pachim Nalbari"
"2134","298","18","Barkhetri"
"2135","298","18","Barbhag"
"2136","298","18","Nalbari"
"2137","298","18","Banekuchi"
"2138","298","18","Ghograpar (Pt)"
"2139","616","18","Baganpara (Pt)"
"2140","616","18","Jalah (Pt)"
"2141","616","18","Goreswar (Pt)"
"2143","616","18","Baska"
"2144","756","18","Tamulpur"
"2146","283","18","Pathorighat (Pt)"
"2147","283","18","Sipajhar"
"2148","283","18","Mangaldoi (Pt)"
"2149","283","18","Dalgaon (Pt)"
"2151","617","18","Harisinga"
"2152","617","18","Udalguri"
"2153","617","18","Mazbat"
"2154","309","19","Darjeeling Pulbazar"
"2155","309","19","Rangli Rangliot"
"2156","702","19","Kalimpong -I"
"2157","702","19","Lava"
"2158","702","19","Gorubathan"
"2159","309","19","Jorebunglow Sukiapokhri"
"2160","309","19","Mirik"
"2161","309","19","Kurseong"
"2162","309","19","Matigara"
"2163","309","19","Naxalbari"
"2164","309","19","Phansidewa"
"2165","309","19","Kharibari"
"2166","314","19","Rajganj"
"2167","314","19","Mal"
"2168","314","19","Matiali"
"2169","314","19","Nagrakata"
"2170","664","19","Madarihat"
"2171","664","19","Kalchini"
"2172","664","19","Kumargram"
"2173","664","19","Alipurduar - I"
"2174","664","19","Alipurduar - II"
"2175","664","19","Falakata"
"2176","314","19","Dhupguri"
"2177","314","19","Maynaguri"
"2178","314","19","Jalpaiguri"
"2179","308","19","Haldibari"
"2180","308","19","Mekliganj"
"2181","308","19","Mathabhanga - I"
"2182","308","19","Mathabhanga II"
"2183","308","19","Coochbehar I"
"2184","308","19","Cooch Behar - II"
"2185","308","19","Tufanganj - I"
"2186","308","19","Tufanganj - II"
"2187","308","19","Dinhata - I"
"2188","308","19","Dinhata - II"
"2189","308","19","Sitai"
"2190","308","19","Sitalkuchi"
"2191","311","19","Chopra"
"2192","311","19","Islampur"
"2193","311","19","Goalpokhar - I"
"2194","311","19","Goalpokhar - II"
"2195","311","19","Karandighi"
"2196","311","19","Raiganj"
"2197","311","19","Hemtabad"
"2198","311","19","Kaliaganj"
"2199","311","19","Itahar"
"2200","310","19","Kushmundi"
"2201","310","19","Gangarampur"
"2202","310","19","Kumarganj"
"2203","310","19","Hilli"
"2204","310","19","Balurghat"
"2205","310","19","Tapan"
"2206","310","19","Bansihari"
"2207","310","19","Harirampur"
"2208","316","19","Harischandrapur - I"
"2209","316","19","Harischandrapur - II"
"2210","316","19","Chanchal - I"
"2211","316","19","Chanchal - II"
"2212","316","19","Ratua - I"
"2213","316","19","Ratua - II"
"2214","316","19","Gazole"
"2215","316","19","Bamangola"
"2216","316","19","Habibpur"
"2217","316","19","Maldah (Old)"
"2218","316","19","English Bazar"
"2219","316","19","Manikchak"
"2220","316","19","Kaliachak - I"
"2221","316","19","Kaliachak - II"
"2222","316","19","Kaliachak - III"
"2223","319","19","Farakka"
"2224","319","19","Samserganj"
"2225","319","19","Suti - I"
"2226","319","19","Suti - II"
"2227","319","19","Raghunathganj - I"
"2228","319","19","Raghunathganj - II"
"2229","319","19","Lalgola"
"2230","319","19","Sagardighi"
"2231","319","19","Bhagawangola - I"
"2232","319","19","Bhagawangola - II"
"2233","319","19","Raninagar - II"
"2234","319","19","Jalangi"
"2235","319","19","Domkal"
"2236","319","19","Raninagar - I"
"2237","319","19","Murshidabad Jiaganj"
"2238","319","19","Nabagram"
"2239","319","19","Khargram"
"2240","319","19","Kandi"
"2241","319","19","Berhampore"
"2242","319","19","Hariharpara"
"2243","319","19","Nawda"
"2244","319","19","Beldanga - I"
"2245","319","19","Beldanga - II"
"2246","319","19","Bharatpur - II"
"2247","319","19","Bharatpur - I"
"2248","319","19","Burwan"
"2249","307","19","Murarai - I"
"2250","307","19","Murarai - II"
"2251","307","19","Nalhati - I"
"2252","307","19","Nalhati - II"
"2253","307","19","Rampurhat - I"
"2254","307","19","Rampurhat - II"
"2255","307","19","Mayureswar - I"
"2256","307","19","Mayureswar - II"
"2257","307","19","Mohammad Bazar"
"2258","307","19","Rajnagar"
"2259","307","19","Suri - I"
"2260","307","19","Suri - II"
"2261","307","19","Sainthia"
"2262","307","19","Labpur"
"2263","307","19","Nanoor"
"2264","307","19","Bolpur Sriniketan"
"2265","307","19","Illambazar"
"2266","307","19","Dubrajpur"
"2267","307","19","Khoyrasol"
"2268","704","19","Salanpur"
"2269","704","19","Barabani"
"2270","704","19","Jamuria"
"2271","704","19","Raniganj"
"2272","704","19","Ondal"
"2273","704","19","Pandabeswar"
"2274","704","19","Faridpur Durgapur"
"2275","704","19","Kanksa"
"2276","306","19","Ausgram - II"
"2277","306","19","Ausgram - I"
"2278","306","19","Mangolkote"
"2279","306","19","Ketugram - I"
"2280","306","19","Ketugram - II"
"2281","306","19","Katwa - I"
"2282","306","19","Katwa - II"
"2283","306","19","Purbasthali - I"
"2284","306","19","Purbasthali - II"
"2285","306","19","Manteswar"
"2286","306","19","Bhatar"
"2287","306","19","Galsi - I"
"2288","306","19","Galsi - II"
"2289","306","19","Burdwan - I"
"2290","306","19","Burdwan - II"
"2291","306","19","Memari - I"
"2292","306","19","Memari - II"
"2293","306","19","Kalna - I"
"2294","306","19","Kalna - II"
"2295","306","19","Jamalpur"
"2296","306","19","Raina - I"
"2297","306","19","Khandaghosh"
"2298","306","19","Raina - II"
"2299","320","19","Karimpur - I"
"2300","320","19","Karimpur - II"
"2301","320","19","Tehatta - I"
"2302","320","19","Tehatta - II"
"2303","320","19","Kaliganj"
"2304","320","19","Nakashipara"
"2305","320","19","Chapra"
"2306","320","19","Krishnagar - II"
"2307","320","19","Nabadwip"
"2308","320","19","Krishnagar - I"
"2309","320","19","Krishnaganj"
"2310","320","19","Hanskhali"
"2311","320","19","Santipur"
"2312","320","19","Ranaghat - I"
"2313","320","19","Ranaghat - II"
"2314","320","19","Chakdah"
"2315","320","19","Haringhata"
"2316","303","19","Bagda"
"2317","303","19","Bongaon"
"2318","303","19","Gaighata"
"2319","303","19","Swarupnagar"
"2320","303","19","Habra - I"
"2321","303","19","Habra - II"
"2322","303","19","Amdanga"
"2323","303","19","Barrackpur - I"
"2324","303","19","Barrackpur - II"
"2325","303","19","Barasat - I"
"2326","303","19","Barasat - II"
"2327","303","19","Deganga"
"2328","303","19","Baduria"
"2329","303","19","Basirhat - I"
"2330","303","19","Basirhat - II"
"2331","303","19","Haroa"
"2332","303","19","Rajarhat"
"2333","303","19","Minakhan"
"2334","303","19","Sandeshkhali - I"
"2335","303","19","Sandeshkhali - II"
"2336","303","19","Hasnabad"
"2337","303","19","Hingalganj"
"2338","312","19","Goghat - I"
"2339","312","19","Goghat - II"
"2340","312","19","Arambag"
"2341","312","19","Pursura"
"2342","312","19","Tarakeswar"
"2343","312","19","Dhaniakhali"
"2344","312","19","Pandua"
"2345","312","19","Balagarh"
"2346","312","19","Chinsurah - Magra"
"2347","312","19","Polba - Dadpur"
"2348","312","19","Haripal"
"2349","312","19","Singur"
"2350","312","19","Serampur Uttarpara"
"2351","312","19","Chanditala - I"
"2352","312","19","Chanditala - II"
"2353","312","19","Jangipara"
"2354","312","19","Khanakul - I"
"2355","312","19","Khanakul - II"
"2356","305","19","Saltora"
"2357","305","19","Mejhia"
"2358","305","19","Gangajalghati"
"2359","305","19","Chhatna"
"2360","305","19","Indpur"
"2361","305","19","Bankura - I"
"2362","305","19","Bankura - II"
"2363","305","19","Barjora"
"2364","305","19","Sonamukhi"
"2365","305","19","Patrasayer"
"2366","305","19","Indus"
"2367","305","19","Kotulpur"
"2368","305","19","Jaypur"
"2369","305","19","Vishnupur"
"2370","305","19","Onda"
"2371","305","19","Taldangra"
"2372","305","19","Simlapal"
"2373","305","19","Khatra"
"2374","305","19","Hirbandh"
"2375","305","19","Ranibundh"
"2376","305","19","Raipur"
"2377","305","19","Sarenga"
"2378","321","19","Jaipur"
"2379","321","19","Purulia - II"
"2380","321","19","Para"
"2381","321","19","Raghunathpur - II"
"2382","321","19","Raghunathpur - I"
"2383","321","19","Neturia"
"2384","321","19","Santuri"
"2385","321","19","Kashipur"
"2386","321","19","Hura"
"2387","321","19","Purulia - I"
"2388","321","19","Puncha"
"2389","321","19","Arsha"
"2390","321","19","Jhalda - I"
"2391","321","19","Jhalda - II"
"2392","321","19","Bagmundi"
"2393","321","19","Balarampur"
"2394","321","19","Barabazar"
"2395","321","19","Manbazar - I"
"2396","321","19","Manbazar - II"
"2397","321","19","Bundwan"
"2398","313","19","Udaynarayanpur"
"2399","313","19","Amta - II"
"2400","313","19","Amta - I"
"2401","313","19","Jagatballavpur"
"2402","313","19","Domjur"
"2403","313","19","Bally Jagachha"
"2404","313","19","Sankrail"
"2405","313","19","Panchla"
"2406","313","19","Uluberia - II"
"2407","313","19","Uluberia - I"
"2408","313","19","Bagnan - I"
"2409","313","19","Bagnan - II"
"2410","313","19","Shyampur - I"
"2411","313","19","Shyampur - II"
"2412","304","19","Thakurpukur Mahestola"
"2413","304","19","Budge Budge - I"
"2414","304","19","Budge Budge - II"
"2415","304","19","Bishnupur - I"
"2416","304","19","Bishnupur - II"
"2417","304","19","Sonar Pur"
"2418","304","19","Bhangar - I"
"2419","304","19","Bhangar - II"
"2420","304","19","Canning - I"
"2421","304","19","Canning - II"
"2422","304","19","Baruipur"
"2423","304","19","Magrahat - II"
"2424","304","19","Magrahat - I"
"2425","304","19","Falta"
"2426","304","19","Diamond Harbour - I"
"2427","304","19","Diamond Harbour - II"
"2428","304","19","Kulpi"
"2429","304","19","Mandirbazar"
"2430","304","19","Mathurapur - I"
"2431","304","19","Jaynagar - I"
"2432","304","19","Jaynagar - II"
"2433","304","19","Kultali"
"2434","304","19","Basanti"
"2435","304","19","Gosaba"
"2436","304","19","Mathurapur - II"
"2437","304","19","Kakdwip"
"2438","304","19","Sagar"
"2439","304","19","Namkhana"
"2440","304","19","Patharpratima"
"2441","703","19","Binpur - II"
"2442","703","19","Binpur - I"
"2443","318","19","Garbeta - II"
"2444","318","19","Garbeta - I"
"2445","318","19","Garbeta - III"
"2446","318","19","Chandrakona - I"
"2447","318","19","Chandrakona - II"
"2448","318","19","Ghatal"
"2449","318","19","Daspur - I"
"2450","318","19","Daspur - II"
"2451","318","19","Keshpur"
"2452","318","19","Salbani"
"2453","318","19","Midnapore"
"2454","703","19","Jhargram"
"2455","703","19","Jamboni"
"2456","703","19","Gopiballavpur - II"
"2457","703","19","Gopiballavpur - I"
"2458","703","19","Nayagram"
"2459","703","19","Sankrail"
"2460","318","19","Kharagpur - I"
"2461","318","19","Kharagpur - II"
"2462","318","19","Debra"
"2463","318","19","Pingla"
"2464","318","19","Sabang"
"2465","318","19","Narayangarh"
"2466","318","19","Keshiary"
"2467","318","19","Dantan - I"
"2468","318","19","Dantan - II"
"2469","318","19","Mohanpur"
"2470","317","19","Panskura"
"2471","317","19","Kolaghat"
"2472","317","19","Tamluk"
"2473","317","19","Sahid Matangini"
"2474","317","19","Nanda Kumar"
"2475","317","19","Mahisadal"
"2476","317","19","Moyna"
"2477","317","19","Potashpur - I"
"2478","317","19","Potashpur - II"
"2479","317","19","Bhagawanpur - II"
"2480","317","19","Bhagawanpur - I"
"2481","317","19","Chandipur"
"2482","317","19","Sutahata"
"2483","317","19","Haldia"
"2484","317","19","Nandigram - I"
"2485","317","19","Nandigram - II"
"2486","317","19","Khejuri - I"
"2487","317","19","Khejuri - II"
"2488","317","19","Contai - I"
"2489","317","19","Deshopran"
"2490","317","19","Contai - III"
"2491","317","19","Egra - I"
"2492","317","19","Egra - II"
"2493","317","19","Ramnagar - I"
"2494","317","19","Ramnagar - II"
"2495","328","20","Kharaundhi"
"2496","328","20","Bhawnathpur"
"2497","328","20","Ketar*"
"2498","328","20","Kandi"
"2499","328","20","Majhiaon"
"2500","328","20","Bardiha"
"2501","328","20","Ramna"
"2502","328","20","Bishunpura"
"2503","328","20","Nagaruntari"
"2504","328","20","Dhurki"
"2505","328","20","Sagma"
"2506","328","20","Dandai"
"2507","328","20","Chinia"
"2508","328","20","Meral (Pipra Kalan)"
"2509","328","20","Garhwa"
"2510","328","20","Danda"
"2511","328","20","Ranka"
"2512","328","20","Ramkanda"
"2513","328","20","Bhandaria"
"2514","323","20","Shaligram Ram Narayanpur(Hunterganj)"
"2515","323","20","Pratappur"
"2516","323","20","Kunda"
"2517","323","20","Lawalaung"
"2518","323","20","Chatra"
"2519","323","20","Kanha Chatti"
"2520","323","20","Itkhori"
"2521","323","20","Mayur Hand"
"2522","323","20","Gidhaur"
"2523","323","20","Pathalgora"
"2524","323","20","Simaria"
"2525","323","20","Tandwa"
"2526","334","20","Satgawan"
"2527","334","20","Koderma"
"2528","334","20","Domchanch"
"2529","334","20","Jainagar"
"2530","334","20","Chandwara"
"2531","334","20","Markacho"
"2532","329","20","Gawan"
"2533","329","20","Tisri"
"2534","329","20","Deori"
"2535","329","20","Dhanwar"
"2536","329","20","Jamua"
"2537","329","20","Bengabad"
"2538","329","20","Gandey"
"2539","329","20","Giridih"
"2540","329","20","Birni"
"2541","329","20","Bagodar"
"2542","329","20","Suriya"
"2543","329","20","Dumri"
"2544","329","20","Pirtanr"
"2545","324","20","Deoghar"
"2546","324","20","Mohanpur"
"2547","324","20","Sarwan"
"2548","324","20","Sona Rai Tharhi"
"2549","324","20","Devipur"
"2550","324","20","Madhupur"
"2551","324","20","Margo Munda"
"2552","324","20","Karon"
"2553","324","20","Sarath"
"2554","324","20","Palojori"
"2555","330","20","Meherma"
"2556","330","20","Thakurgangti"
"2557","330","20","Boarijor"
"2558","330","20","Mahagama"
"2559","330","20","Pathargama"
"2560","330","20","Bashant Rai*"
"2561","330","20","Godda"
"2562","330","20","Poreyahat"
"2563","330","20","Sundarpahari"
"2564","340","20","Sahibganj"
"2565","340","20","Mandro"
"2566","340","20","Borio"
"2567","340","20","Barhait"
"2568","340","20","Taljhari"
"2569","340","20","Rajmahal"
"2570","340","20","Udhwa"
"2571","340","20","Pathna"
"2572","340","20","Barharwa"
"2573","337","20","Litipara"
"2574","337","20","Amrapara"
"2575","337","20","Hiranpur"
"2576","337","20","Pakaur"
"2577","337","20","Maheshpur"
"2578","337","20","Pakuria"
"2579","325","20","Tundi"
"2580","325","20","Purbi Tundi*"
"2581","325","20","Topchanchi"
"2582","325","20","Baghmara-Cum-Katras"
"2583","325","20","Gobindpur"
"2584","325","20","Dhanbad-Cum-Kenduadih-Cum-Jagata"
"2585","325","20","Jharia-Cum-Jorapokhar-Cum-Sindri"
"2586","325","20","Baliapur"
"2587","325","20","Nirsa-Cum-Chirkunda"
"2588","322","20","Nawadih"
"2589","322","20","Chandrapura"
"2590","322","20","Bermo"
"2591","322","20","Gomia"
"2592","322","20","Peterwar"
"2593","322","20","Kasmar"
"2594","322","20","Jaridih"
"2595","322","20","Chas"
"2596","322","20","Chandankiyari"
"2597","336","20","Kisko"
"2598","336","20","Peshrar"
"2599","336","20","Kuru"
"2600","336","20","Kairo"
"2601","336","20","Lohardaga"
"2602","336","20","Senha"
"2603","336","20","Bhandra"
"2604","327","20","Patamda"
"2605","327","20","Boram"
"2606","327","20","Golmuri-Cum-Jugsalai"
"2607","327","20","Ghatshila"
"2608","327","20","Potka"
"2609","327","20","Musabani"
"2610","327","20","Dumaria"
"2611","327","20","Dhalbhumgarh"
"2612","327","20","Gurbandha"
"2613","327","20","Chakulia"
"2614","327","20","Baharagora"
"2615","338","20","Hussainabad"
"2616","338","20","Haidernagar"
"2617","338","20","Mohammad Ganj"
"2618","338","20","Hariharganj"
"2619","338","20","Pipra"
"2620","338","20","Chhatarpur"
"2621","338","20","Nawadiha Bazar/Nawadiha*"
"2622","338","20","Pandu"
"2623","338","20","Untari Road"
"2624","338","20","Bishrampur"
"2625","338","20","Nawa Bazar"
"2626","338","20","Patan"
"2627","338","20","Padwa"
"2628","338","20","Manatu"
"2629","338","20","Tarhasi"
"2630","338","20","Panki"
"2631","338","20","Satbarwa"
"2632","338","20","Nilambar-Pitambarpur(Lesliganj)"
"2633","338","20","Medininagar(Daltonganj)"
"2634","338","20","Chainpur"
"2635","335","20","Manika"
"2636","335","20","Barwadih"
"2637","335","20","Mahuadanr"
"2638","335","20","Garu"
"2639","335","20","Latehar"
"2640","335","20","Balumath"
"2641","335","20","Bariyatu"
"2642","335","20","Herhanj"
"2643","335","20","Chandwa"
"2644","332","20","Chauparan"
"2645","332","20","Barhi"
"2646","332","20","Padma"
"2647","332","20","Ichak"
"2648","332","20","Tati Jhariya"
"2649","332","20","Daru"
"2650","332","20","Barkatha"
"2651","332","20","Chalkusa"
"2652","332","20","Bishungarh"
"2653","332","20","Hazaribag"
"2654","332","20","Katkamsandi"
"2655","332","20","Katamdag"
"2656","332","20","Keredari"
"2657","332","20","Barkagaon"
"2658","332","20","Churchu"
"2659","332","20","Dadi"
"2660","607","20","Patratu"
"2661","607","20","Mandu"
"2662","607","20","Ramgarh"
"2663","607","20","Dulmi"
"2664","607","20","Chitarpur"
"2665","607","20","Gola"
"2666","326","20","Saraiyahat"
"2667","326","20","Jarmundi"
"2668","326","20","Ramgarh"
"2669","326","20","Gopikandar"
"2670","326","20","Kathikund"
"2671","326","20","Shikaripara"
"2672","326","20","Ranishwar"
"2673","326","20","Dumka"
"2674","326","20","Jama"
"2675","326","20","Masalia"
"2676","333","20","Narayanpur"
"2677","333","20","Karma Tanr Vidyasagar*"
"2678","333","20","Jamtara"
"2679","333","20","Nala"
"2680","333","20","Fatehpur"
"2681","333","20","Kundhit"
"2682","339","20","Burmu"
"2683","339","20","Khelari"
"2684","339","20","Kanke"
"2685","339","20","Ormanjhi"
"2686","339","20","Angara"
"2687","339","20","Rahe"
"2688","339","20","Silli"
"2689","339","20","Sonahatu"
"2690","339","20","Namkum"
"2691","339","20","Ratu"
"2692","339","20","Nagri"
"2693","339","20","Mandar"
"2694","339","20","Chanho"
"2695","339","20","Bero"
"2696","339","20","Itki"
"2697","339","20","Lapung"
"2698","339","20","Bundu"
"2699","339","20","Tamar I"
"2700","606","20","Karra"
"2701","606","20","Torpa"
"2702","606","20","Rania"
"2703","606","20","Murhu"
"2704","606","20","Khunti"
"2705","606","20","Erki(Tamar Ii)"
"2706","331","20","Bishunpur"
"2707","331","20","Ghaghra"
"2708","331","20","Sisai"
"2709","331","20","Bharno"
"2710","331","20","Kamdara"
"2711","331","20","Basia"
"2712","331","20","Gumla"
"2713","331","20","Chainpur"
"2714","331","20","Dumri"
"2715","331","20","Albert Ekka(Jari)"
"2716","331","20","Raidih"
"2717","331","20","Palkot"
"2718","342","20","Simdega"
"2719","342","20","Pakar Tanr"
"2720","342","20","Kurdeg"
"2721","342","20","Kersai"
"2722","342","20","Bolba"
"2723","342","20","Thethaitangar"
"2724","342","20","Kolebira"
"2725","342","20","Jaldega"
"2726","342","20","Bansjor"
"2727","342","20","Bano"
"2728","343","20","Sonua"
"2729","343","20","Gudri"
"2730","343","20","Bandgaon"
"2731","343","20","Chakradharpur"
"2732","343","20","Khuntpani"
"2733","343","20","Goilkera"
"2734","343","20","Anandpur"
"2735","343","20","Manoharpur"
"2736","343","20","Noamundi"
"2737","343","20","Tonto"
"2738","343","20","Hat Gamharia"
"2739","343","20","Chaibasa"
"2740","343","20","Tantnagar"
"2741","343","20","Manjhari"
"2742","343","20","Jhinkpani"
"2743","343","20","Jagannathpur"
"2744","343","20","Kumardungi"
"2745","343","20","Majhgaon"
"2746","341","20","Kuchai"
"2747","341","20","Kharsawan"
"2748","341","20","Chandil"
"2749","341","20","Ichagarh"
"2750","341","20","Kukru"
"2751","341","20","Nimdih"
"2752","341","20","Adityapur(Gamharia)"
"2753","341","20","Saraikela"
"2754","341","20","Gobindpur(Rajnagar)"
"2755","347","21","Paikamal"
"2756","347","21","Jharbandha"
"2757","347","21","Padmapur"
"2758","347","21","Burdenp.S."
"2759","347","21","Gaisilet"
"2760","347","21","Melchhamunda"
"2761","347","21","Sohela"
"2762","347","21","Bijepur"
"2763","347","21","Barapali"
"2764","347","21","Bheden"
"2765","347","21","Bargarh"
"2766","347","21","Bargarh Sadar"
"2767","347","21","Bhatli"
"2768","347","21","Ambabhona"
"2769","347","21","Attabira"
"2770","357","21","Rengali"
"2771","357","21","Lakhanpur"
"2772","357","21","Belpahar"
"2773","357","21","Banaharapali"
"2774","357","21","Orient"
"2775","357","21","Brajarajnagar"
"2776","357","21","Jharsuguda"
"2777","357","21","Badmal"
"2778","357","21","Laikera"
"2779","357","21","Kolabira"
"2780","371","21","Govindpur"
"2781","371","21","Mahulpalli"
"2782","371","21","Kochinda"
"2783","371","21","Katarbaga"
"2784","371","21","Thelkoloi"
"2785","371","21","Rengali"
"2786","371","21","Sasan"
"2787","371","21","Hirakud"
"2788","371","21","Burla"
"2789","371","21","Dhanupali"
"2790","371","21","Ainthapali"
"2791","371","21","Sadar"
"2792","371","21","Jamankira"
"2793","371","21","Kisinda"
"2794","371","21","Jujomura"
"2795","371","21","Dhama"
"2796","371","21","Charamal"
"2797","371","21","Rairakhol"
"2798","371","21","Naktideul"
"2799","371","21","Sambalpur (M)"
"2800","351","21","Debagarh"
"2801","351","21","Barkot"
"2802","351","21","Kundheigola"
"2803","351","21","Reamal"
"2804","373","21","Hemgir"
"2805","373","21","Lephripara"
"2806","373","21","Bhasma"
"2807","373","21","Dharuadihi"
"2808","373","21","Sundargarh Town"
"2809","373","21","Sundargarh"
"2810","373","21","Kinjirkela"
"2811","373","21","Talasara"
"2812","373","21","Baragaon"
"2813","373","21","Kutra"
"2814","373","21","Rajagangapur"
"2815","373","21","Raiboga"
"2816","373","21","Biramitrapur"
"2817","373","21","Hatibari"
"2818","373","21","Bisra"
"2819","373","21","Bondamunda"
"2820","373","21","Brahmani Tarang"
"2821","373","21","Raghunathapali"
"2822","373","21","Tangarapali"
"2823","373","21","Lathikata"
"2824","373","21","Chandiposh"
"2825","373","21","Kamarposh Balang"
"2826","373","21","Koida"
"2827","373","21","Lahunipara"
"2828","373","21","Gurundia"
"2829","373","21","Tikaetpali"
"2830","373","21","Banei"
"2831","373","21","Mahulapada"
"2832","373","21","Raurkela (M)"
"2833","373","21","Raurkela (Its)P.S."
"2834","361","21","Barbil"
"2835","361","21","Bolani"
"2836","361","21","Rugudi"
"2837","361","21","Joda"
"2838","361","21","Bamebari"
"2839","361","21","Champua"
"2840","361","21","Jhumpura"
"2841","361","21","Baria"
"2842","361","21","Turumunga"
"2843","361","21","Patana"
"2844","361","21","Kendujhar Sadar"
"2845","361","21","Kendujhar Town"
"2846","361","21","Nayakote"
"2847","361","21","Kanjipani"
"2848","361","21","Telkoi"
"2849","361","21","Pandapara"
"2850","361","21","Ghatgaon"
"2851","361","21","Harichandanpur"
"2852","361","21","Daitari"
"2853","361","21","Ghasipura"
"2854","361","21","Anandapur"
"2855","361","21","Soso"
"2856","361","21","Nandipada"
"2857","361","21","Sainkul"
"2858","365","21","Tiring"
"2859","365","21","Bahalda"
"2860","365","21","Jamda"
"2861","365","21","Rairangpur Town"
"2862","365","21","Gorumahisani"
"2863","365","21","Jharpokharia"
"2864","365","21","Bisoi"
"2865","365","21","Rairangpur"
"2866","365","21","Badampahar"
"2867","365","21","Jashipur"
"2868","365","21","Raruan"
"2869","365","21","Ghagarbeda"
"2870","365","21","Karanjia"
"2871","365","21","Thakurmunda"
"2872","365","21","Baripada Sadar"
"2873","365","21","Baripada Town"
"2874","365","21","Koliana"
"2875","365","21","Bangiriposi"
"2876","365","21","Chandua"
"2877","365","21","Suliapada"
"2878","365","21","Muruda"
"2879","365","21","Rasagobindapur"
"2880","365","21","Baisinga"
"2881","365","21","Betanati"
"2882","365","21","Barsahi"
"2883","365","21","Khunta"
"2884","365","21","Udala"
"2885","365","21","Kaptipada"
"2886","365","21","Sharata"
"2887","365","21","Mahuldiha"
"2888","365","21","Baripada (M)"
"2889","346","21","Raibania"
"2890","346","21","Jaleswar"
"2891","346","21","Bhograi"
"2892","346","21","Kamarda"
"2893","346","21","Baliapal"
"2894","346","21","Singla"
"2895","346","21","Basta"
"2896","346","21","Rupsa"
"2897","346","21","Baleshwar Sadar"
"2898","346","21","Sahadevkhunta"
"2899","346","21","Chandipur"
"2900","346","21","Balaramgadi Marine"
"2901","346","21","Bampada"
"2902","346","21","Remuna"
"2903","346","21","Nilagiri"
"2904","346","21","Berhampur"
"2905","346","21","Oupada"
"2906","346","21","Khaira"
"2907","346","21","Soro"
"2908","346","21","Similia"
"2909","346","21","Baleshwar (M)"
"2910","348","21","Agarpada"
"2911","348","21","Bant"
"2912","348","21","Bhandari Pokhari"
"2913","348","21","Dhamanagar"
"2914","348","21","Bhadrak Rural"
"2915","348","21","Basudebpur"
"2916","348","21","Naikanidihi"
"2917","348","21","Tihidi"
"2918","348","21","Dhusuri"
"2919","348","21","Chandabali"
"2920","348","21","Bansada"
"2921","348","21","Dhamara Marine"
"2922","360","21","Rajkanika"
"2923","360","21","Rajnagar"
"2924","360","21","Jamboo Marine"
"2925","360","21","Aali"
"2926","360","21","Pattamundai"
"2927","360","21","Kendrapara"
"2928","360","21","Kendrapara Sadar"
"2929","360","21","Nikirai"
"2930","360","21","Derabish"
"2931","360","21","Patkura"
"2932","360","21","Marsaghai"
"2933","360","21","Mahakalapada"
"2934","355","21","Paradip"
"2935","355","21","Paradeep Lock"
"2936","355","21","Kujang"
"2937","355","21","Abhyachandpur"
"2938","355","21","Ersama"
"2939","355","21","Tirtol"
"2940","355","21","Jagatsinghapur"
"2941","355","21","Biridi"
"2942","355","21","Naugaon"
"2943","355","21","Balikuda"
"2944","350","21","Narasinghpur"
"2945","350","21","Kanpur"
"2946","350","21","Badamba"
"2947","350","21","Baidyeswar"
"2948","350","21","Banki"
"2949","350","21","Tigiria"
"2950","350","21","Athagad"
"2951","350","21","Barang"
"2952","350","21","Gurudijhatia"
"2953","350","21","Khuntuni"
"2954","350","21","Choudwar"
"2955","350","21","Tangi"
"2956","350","21","Mahanga"
"2957","350","21","Salepur"
"2958","350","21","Nischintakoili"
"2959","350","21","Nemalo"
"2960","350","21","Kishannagar"
"2961","350","21","Jagatpur"
"2962","350","21","Cuttack Sadar"
"2963","350","21","Kandarpur"
"2964","350","21","C.R.R.I."
"2965","350","21","Gobindpur"
"2966","350","21","Olatapur"
"2967","350","21","Niali"
"2968","350","21","Cuttack (M.Corp.) P.S"
"2969","356","21","Sukinda"
"2970","356","21","Tomka"
"2971","356","21","Kaliapani"
"2972","356","21","Kalinganagar"
"2973","356","21","Jakhapura"
"2974","356","21","Jajapur Road"
"2975","356","21","Korai"
"2976","356","21","Panikoili"
"2977","356","21","Jajapur"
"2978","356","21","Jajpur Sadar"
"2979","356","21","Dharmasala"
"2980","356","21","Jenapur"
"2981","356","21","Kuakhia"
"2982","356","21","Badachana"
"2983","356","21","Balichandrapur"
"2984","356","21","Binjharpur"
"2985","356","21","Bari - Ramachandrapur"
"2986","356","21","Mangalpur"
"2987","352","21","Parajang"
"2988","352","21","Kamakshyanagar"
"2989","352","21","Kankadahad"
"2990","352","21","Bhuban"
"2991","352","21","Gandia"
"2992","352","21","Nihalprasad"
"2993","352","21","Tumusingha"
"2994","352","21","Motunga"
"2995","352","21","Bhusan Steel Limited"
"2996","352","21","Balimi"
"2997","352","21","Hindol"
"2998","352","21","Rasol"
"2999","352","21","Dhenkanal Sadar"
"3000","344","21","Palalahada"
"3001","344","21","Khamar"
"3002","344","21","Rengali Damsite"
"3003","344","21","Kaniha"
"3004","344","21","N.T.P.C."
"3005","344","21","Samal Barrage"
"3006","344","21","Talcher Sadar"
"3007","344","21","Colliery"
"3008","344","21","Bikrampur"
"3009","344","21","Nalco"
"3010","344","21","Banarpal"
"3011","344","21","Anugul"
"3012","344","21","Jarapada"
"3013","344","21","Industrial"
"3014","344","21","Chhendipada"
"3015","344","21","Handapa"
"3016","344","21","Kishorenagar"
"3017","344","21","Athmallik"
"3018","344","21","Kiakata"
"3019","344","21","Thakurgarh"
"3020","344","21","Purunakot"
"3021","344","21","Bantala"
"3022","367","21","Gania"
"3023","367","21","Dasapalla"
"3024","367","21","Banigochha"
"3025","367","21","Nuagaon"
"3026","367","21","Khandapada"
"3027","367","21","Fategarh"
"3028","367","21","Nayagarh"
"3029","367","21","Itamati"
"3030","367","21","Nayagarh Sadar"
"3031","367","21","Odagaon"
"3032","367","21","Sarankul"
"3033","367","21","Ranapur"
"3034","362","21","Bolagad"
"3035","362","21","Begunia"
"3036","362","21","Khordha"
"3037","362","21","Khordha Sadar"
"3038","362","21","Chandaka"
"3039","362","21","Nandankanan"
"3040","362","21","Saheednagar"
"3041","362","21","Mancheswar"
"3042","362","21","Balianta"
"3043","362","21","Balipatna"
"3044","362","21","Lingaraj"
"3045","362","21","Airfield (Kapila Prasad)"
"3046","362","21","Uttara P.S"
"3047","362","21","Khandagiri"
"3048","362","21","Tamando"
"3049","362","21","Jatani"
"3050","362","21","Jankia"
"3051","362","21","Nirakarpur"
"3052","362","21","Tangi"
"3053","362","21","Balugaon"
"3054","362","21","Banapur"
"3055","362","21","Bhubaneswar (M.Corp.)"
"3056","369","21","Delanga"
"3057","369","21","Pipili"
"3058","369","21","Nimapada"
"3059","369","21","Kakatpur"
"3060","369","21","Astaranga"
"3061","369","21","Konark"
"3062","369","21","Gop"
"3063","369","21","Ramachandi"
"3064","369","21","Satyabadi"
"3065","369","21","Chandanpur"
"3066","369","21","Sadar"
"3067","369","21","Brahmagiri"
"3068","369","21","Gadisagada"
"3069","369","21","Krushna Prasad"
"3070","369","21","Puri (M)"
"3071","354","21","Tarasingi"
"3072","354","21","Buguda"
"3073","354","21","Jagannath Prasad"
"3074","354","21","Bhanjanagar"
"3075","354","21","Gangapur"
"3076","354","21","Surada"
"3077","354","21","Badagada"
"3078","354","21","Asika"
"3079","354","21","Dharakote"
"3080","354","21","Kabisuryanagar"
"3081","354","21","Polasara"
"3082","354","21","Kodala"
"3083","354","21","Khalikote"
"3084","354","21","Rambha"
"3085","354","21","Chhatrapur"
"3086","354","21","Ganjam"
"3087","354","21","Chamakhandi"
"3088","354","21","Arjyapalli Marine"
"3089","354","21","Purusottampur"
"3090","354","21","Hinjili"
"3091","354","21","Patapur"
"3092","354","21","Seragad"
"3093","354","21","Brahmapur Sadar"
"3094","354","21","Gopalpur"
"3095","354","21","Golanthara"
"3096","354","21","Digapahandi"
"3097","354","21","Nuagaon"
"3098","354","21","Jarada"
"3099","354","21","Brahmapur (M.Corp.)"
"3100","353","21","Adava"
"3101","353","21","Mohana"
"3102","353","21","R.Udayagiri"
"3103","353","21","Serango"
"3104","353","21","Kasinagar"
"3105","353","21","Paralakhemundi"
"3106","353","21","Gurandi"
"3107","353","21","Rayagada"
"3108","353","21","Garabandha"
"3109","353","21","Ramagiri"
"3110","359","21","Gochhapada"
"3111","359","21","Phulabani"
"3112","359","21","Phulabani Town"
"3113","359","21","Khajuripada"
"3114","359","21","G.Udayagiri"
"3115","359","21","Tikabali"
"3116","359","21","Chakapada"
"3117","359","21","Sarangagarh"
"3118","359","21","Phiringia"
"3119","359","21","Baliguda"
"3120","359","21","Nuagaon"
"3121","359","21","Tumudibandha"
"3122","359","21","Belaghar"
"3123","359","21","Kotagarh"
"3124","359","21","Brahmanigaon"
"3125","359","21","Daringbadi"
"3126","359","21","Raikia"
"3127","349","21","Kantamal"
"3128","349","21","Manamunda"
"3129","349","21","Baunsuni"
"3130","349","21","Baudh Sadar"
"3131","349","21","Puruna Katak"
"3132","349","21","Harbhanga"
"3133","372","21","Dunguripali"
"3134","372","21","Rampur"
"3135","372","21","Binika"
"3136","372","21","Ulunda"
"3137","372","21","Biramaharajpur"
"3138","372","21","Subalaya"
"3139","372","21","Sonapur"
"3140","372","21","Tarbha"
"3141","345","21","Loisinga"
"3142","345","21","Balangir"
"3143","345","21","Tushura"
"3144","345","21","Patnagarh"
"3145","345","21","Khaprakhol"
"3146","345","21","Turekela"
"3147","345","21","Belpara"
"3148","345","21","Saintala"
"3149","345","21","Kantabanji"
"3150","345","21","Bangomunda"
"3151","345","21","Sindhekela"
"3152","345","21","Titlagarh"
"3153","368","21","Jonk"
"3154","368","21","Nuapada"
"3155","368","21","Komna"
"3156","368","21","Khariar"
"3157","368","21","Boden"
"3158","368","21","Sinapali"
"3159","358","21","Kesinga"
"3160","358","21","Madanpur Rampur"
"3161","358","21","Narala"
"3162","358","21","Lanjigarh"
"3163","358","21","Biswanathpur"
"3164","358","21","Sadar"
"3165","358","21","Kegaon"
"3166","358","21","Junagarh"
"3167","358","21","Golamunda"
"3168","358","21","Dharamgarh"
"3169","358","21","Kokasara"
"3170","358","21","Jayapatna"
"3171","358","21","Thuamul Rampur"
"3172","370","21","Ambadala"
"3173","370","21","Muniguda"
"3174","370","21","Chandrapur"
"3175","370","21","Bishamakatak"
"3176","370","21","Kalyanasingpur"
"3177","370","21","Kashipur"
"3178","370","21","Andirakanch"
"3179","370","21","Tikiri"
"3180","370","21","Doraguda"
"3181","370","21","Rayagada"
"3182","370","21","Seskhal"
"3183","370","21","Gunupur"
"3184","370","21","Gudari"
"3185","370","21","Padmapur"
"3186","370","21","Puttasing"
"3187","366","21","Raighar"
"3188","366","21","Kundei"
"3189","366","21","Umarkote"
"3190","366","21","Chandahandi"
"3191","366","21","Jharigan"
"3192","366","21","Dabugan"
"3193","366","21","Paparahandi"
"3194","366","21","Kodinga"
"3195","366","21","Kosagumuda"
"3196","366","21","Nabarangapur P.S"
"3197","366","21","Tentulikhunti"
"3198","366","21","Khatiguda"
"3199","363","21","Kotpad"
"3200","363","21","Boriguma"
"3201","363","21","Bhairabsingipur"
"3202","363","21","Dasamantapur"
"3203","363","21","Lakshmipur"
"3204","363","21","Narayanpatana"
"3205","363","21","Bandhugaon"
"3206","363","21","Kakiriguma"
"3207","363","21","Koraput"
"3208","363","21","Koraput Town"
"3209","363","21","Jeypore"
"3210","363","21","Kundura"
"3211","363","21","Boipariguda"
"3212","363","21","Machh Kund"
"3213","363","21","Padua"
"3214","363","21","Nandapur"
"3215","363","21","Similiguda"
"3216","363","21","Sunabeda"
"3217","363","21","Damonjodi"
"3218","363","21","Pottangi"
"3219","363","21","Kotiya"
"3220","364","21","Malkangiri"
"3221","364","21","Mathili"
"3222","364","21","Mudulipada"
"3223","364","21","Chitrakonda"
"3224","364","21","Paparmetla"
"3225","364","21","Jodamba"
"3226","364","21","Orkel"
"3227","364","21","Kalimela"
"3228","364","21","Podia"
"3229","364","21","M.V. 79"
"3230","364","21","Motu"
"3231","760","22","Bharatpur"
"3232","384","22","Baikunthpur"
"3233","384","22","Sonhat"
"3234","760","22","Manendragarh"
"3235","760","22","Khadganva"
"3236","649","22","Ramanujganj"
"3237","649","22","Balrampur"
"3238","649","22","Wadrafnagar"
"3239","648","22","Pratappur"
"3240","649","22","Kusmi Samri"
"3241","649","22","Shankargarh"
"3242","648","22","Surajpur"
"3243","648","22","Odgi"
"3244","648","22","Bhaiyathan"
"3245","648","22","Ramanujnagar"
"3246","648","22","Premnagar"
"3247","389","22","Ambikapur"
"3248","389","22","Lakhanpur"
"3249","389","22","Udaypur"
"3250","649","22","Rajpur"
"3251","389","22","Lundra"
"3252","389","22","Sitapur"
"3253","389","22","Batouli"
"3254","389","22","Mainpat"
"3255","380","22","Bagicha"
"3256","380","22","Kansabel"
"3257","380","22","Jashpur"
"3258","380","22","Manora"
"3259","380","22","Kunkuri"
"3260","380","22","Duldula"
"3261","380","22","Farsabahar"
"3262","380","22","Pathalgaon"
"3263","386","22","Udaipur (Dharamjaigarh)"
"3264","386","22","Lailunga"
"3265","386","22","Gharghoda"
"3266","386","22","Tamnar"
"3267","386","22","Raigarh"
"3268","386","22","Pusour"
"3269","386","22","Kharsia"
"3270","763","22","Sarangarh"
"3271","763","22","Baramkela"
"3272","383","22","Katghora"
"3273","383","22","Poundi-Uproda"
"3274","383","22","Pali"
"3275","383","22","Korba"
"3276","383","22","Kartala"
"3277","379","22","Janjgir"
"3278","379","22","Akaltara"
"3279","379","22","Baloda"
"3280","379","22","Nawagarh"
"3281","379","22","Champa"
"3282","762","22","Sakti"
"3283","379","22","Pamgarh"
"3284","762","22","Dabhra"
"3285","762","22","Malkharoda"
"3286","762","22","Jaijaipur"
"3287","734","22","Pendra Road"
"3288","734","22","Marwahi"
"3289","734","22","Pendra"
"3290","647","22","Lormi"
"3291","375","22","Kota"
"3292","647","22","Mungeli"
"3293","647","22","Pathariya"
"3294","375","22","Takhatpur"
"3295","375","22","Bilaspur"
"3296","375","22","Masturi"
"3297","375","22","Bilha"
"3298","382","22","Kawardha"
"3299","382","22","Bodla"
"3300","382","22","Sahaspur Lohara"
"3301","382","22","Pandariya"
"3302","759","22","Chhuikhadan"
"3303","759","22","Khairagarh"
"3304","388","22","Dongargarh"
"3305","388","22","Rajnandgaon"
"3306","388","22","Chhuriya"
"3307","388","22","Dongargaon"
"3308","761","22","Mohla"
"3309","761","22","Manpur"
"3310","761","22","Ambagarh"
"3311","650","22","Nawagarh"
"3312","650","22","Bemetara"
"3313","650","22","Saja"
"3314","650","22","Thankhamariya"
"3315","650","22","Berla"
"3316","378","22","Dhamdha"
"3317","378","22","Durg"
"3318","378","22","Patan"
"3319","646","22","Gunderdehi"
"3320","646","22","Daundilohara"
"3321","646","22","Balod"
"3322","646","22","Daundi"
"3323","646","22","Gurur"
"3324","644","22","Simga"
"3325","644","22","Bhatapara"
"3326","644","22","Baloda Bazar"
"3327","644","22","Palari"
"3328","644","22","Kasdol"
"3329","763","22","Bilaigarh"
"3330","387","22","Arang"
"3331","387","22","Abhanpur"
"3332","387","22","Raipur"
"3333","645","22","Rajim"
"3334","387","22","Tilda"
"3335","645","22","Gariyaband"
"3336","645","22","Chhura"
"3337","645","22","Mainpur"
"3338","645","22","Devbhog"
"3339","385","22","Basna"
"3340","385","22","Saraipali"
"3341","385","22","Mahasamund"
"3342","385","22","Pithora"
"3343","385","22","Bagbahra"
"3344","377","22","Kurud"
"3345","377","22","Magarlod"
"3346","377","22","Dhamtari"
"3347","377","22","Nagri"
"3348","381","22","Charama"
"3349","381","22","Bhanupratappur"
"3350","381","22","Durgkondal"
"3351","381","22","Kanker"
"3352","381","22","Narharpur"
"3353","381","22","Antagarh"
"3354","381","22","Pakhanjur"
"3355","643","22","Keshkal"
"3356","643","22","Bade Rajpur"
"3357","643","22","Kondagaon"
"3358","643","22","Makdi"
"3359","643","22","Pharasgaon"
"3360","374","22","Jagdalpur"
"3361","374","22","Lohandiguda"
"3362","374","22","Bastanar"
"3363","374","22","Bastar"
"3364","374","22","Bakavand"
"3365","374","22","Tokapal"
"3366","374","22","Darbha"
"3367","637","22","Narayanpur"
"3368","637","22","Orchha"
"3369","376","22","Dantewada"
"3370","376","22","Gidam"
"3371","376","22","Katekalyan"
"3372","376","22","Kuakonda"
"3373","642","22","Konta"
"3374","642","22","Chhindgarh"
"3375","642","22","Sukma"
"3376","636","22","Bhopalpattnam"
"3377","636","22","Usur"
"3378","636","22","Bijapur"
"3379","636","22","Bhairamgarh"
"3380","431","23","Vijaypur"
"3381","431","23","Beerpur"
"3382","431","23","Sheopur"
"3383","431","23","Badoda"
"3384","431","23","Karahal"
"3385","417","23","Ambah"
"3386","417","23","Porsa"
"3387","417","23","Morena"
"3388","417","23","Joura"
"3389","417","23","Kailaras"
"3390","417","23","Sabalgarh"
"3391","395","23","Ater"
"3392","395","23","Bhind"
"3393","395","23","Mehgaon"
"3394","395","23","Gormi"
"3395","395","23","Gohad"
"3396","395","23","Ron"
"3397","395","23","Mihona"
"3398","395","23","Lahar"
"3399","407","23","Gird"
"3400","407","23","Pichhore Or Dabra"
"3401","407","23","Bhitarwar"
"3402","407","23","Chinour"
"3403","401","23","Seondha"
"3404","401","23","Indergarh"
"3405","401","23","Datia"
"3406","401","23","Bhander"
"3407","432","23","Pohri"
"3408","432","23","Shivpuri"
"3409","432","23","Narwar"
"3410","432","23","Karera"
"3411","432","23","Kolaras"
"3412","432","23","Badarwas"
"3413","432","23","Pichhore"
"3414","432","23","Khaniyadhana"
"3415","722","23","Niwari"
"3416","722","23","Orchha"
"3417","722","23","Prithvipur"
"3418","434","23","Jatara"
"3419","434","23","Mohangarh"
"3420","434","23","Palera"
"3421","434","23","Baldeogarh"
"3422","434","23","Khargapur"
"3423","434","23","Tikamgarh"
"3424","398","23","Gaurihar"
"3425","398","23","Laundi"
"3426","398","23","Chandla"
"3427","398","23","Nowgong"
"3428","398","23","Maharajpur"
"3429","398","23","Chhatarpur"
"3430","398","23","Rajnagar"
"3431","398","23","Bada Malhera"
"3432","398","23","Ghuwara"
"3433","398","23","Bijawar"
"3434","398","23","Buxwaha"
"3435","420","23","Ajaigarh"
"3436","420","23","Panna"
"3437","420","23","Devendranagar"
"3438","420","23","Gunnor"
"3439","420","23","Amanganj"
"3440","420","23","Pawai"
"3441","420","23","Shahnagar"
"3442","420","23","Raipura"
"3443","425","23","Bina"
"3444","425","23","Khurai"
"3445","425","23","Malthon"
"3446","425","23","Banda"
"3447","425","23","Shahgarh"
"3448","425","23","Rahatgarh"
"3449","425","23","Sagar"
"3450","425","23","Garhakota"
"3451","425","23","Rehli"
"3452","425","23","Kesli"
"3453","425","23","Deori"
"3454","400","23","Hatta"
"3455","400","23","Patera"
"3456","400","23","Batiyagarh"
"3457","400","23","Patharia"
"3458","400","23","Damoh"
"3459","400","23","Jabera"
"3460","400","23","Tendukheda"
"3461","426","23","Kothi"
"3462","426","23","Majhgawan"
"3463","426","23","Birsinghpur"
"3464","426","23","Nagod"
"3465","426","23","Unchahara"
"3466","426","23","Rampur Baghelan"
"3467","426","23","Kotar"
"3468","426","23","Amarpatan"
"3469","426","23","Ramnagar"
"3470","426","23","Maihar"
"3471","424","23","Teonthar"
"3472","424","23","Jawa"
"3473","424","23","Sirmour"
"3474","424","23","Mangawan"
"3475","424","23","Semaria"
"3476","766","23","Hanumana"
"3477","766","23","Mauganj"
"3478","766","23","Naigarhi"
"3479","424","23","Huzur"
"3480","424","23","Raipur - Karchuliyan"
"3481","424","23","Gurh"
"3482","436","23","Bandhogarh"
"3483","436","23","Chandia"
"3484","436","23","Manpur"
"3485","436","23","Pali"
"3486","436","23","Nowrozabad"
"3487","419","23","Jawad"
"3488","419","23","Singoli"
"3489","419","23","Neemuch"
"3490","419","23","Jiran"
"3491","419","23","Manasa"
"3492","416","23","Bhanpura"
"3493","416","23","Malhargarh"
"3494","416","23","Garoth"
"3495","416","23","Shamgarh"
"3496","416","23","Mandsaur"
"3497","416","23","Daloda"
"3498","416","23","Sitamau"
"3499","416","23","Suwasara"
"3500","423","23","Piploda"
"3501","423","23","Jaora"
"3502","423","23","Alot"
"3503","423","23","Tal"
"3504","423","23","Sailana"
"3505","423","23","Bajna"
"3506","423","23","Rawti"
"3507","423","23","Ratlam"
"3508","435","23","Khacharod"
"3509","435","23","Nagda"
"3510","435","23","Mahidpur"
"3511","435","23","Ghatiya"
"3512","435","23","Tarana"
"3513","435","23","Ujjain"
"3514","435","23","Badnagar"
"3515","667","23","Susner"
"3516","667","23","Nalkheda"
"3517","667","23","Badod"
"3518","667","23","Agar"
"3519","430","23","Shajapur"
"3520","430","23","Gulana"
"3521","430","23","Moman Badodiya"
"3522","430","23","Shujalpur"
"3523","430","23","Kalapipal"
"3524","402","23","Tonk Khurd"
"3525","402","23","Sonkatch"
"3526","402","23","Dewas"
"3527","402","23","Kannod"
"3528","402","23","Satwas"
"3529","402","23","Bagli"
"3530","402","23","Hatpiplya"
"3531","402","23","Khategaon"
"3532","403","23","Badnawar"
"3533","403","23","Sardarpur"
"3534","403","23","Dhar"
"3535","403","23","Gandhwani"
"3536","403","23","Kukshi"
"3537","403","23","Dahi"
"3538","403","23","Manawar"
"3539","403","23","Dharampuri"
"3540","410","23","Depalpur"
"3541","410","23","Hatod"
"3542","410","23","Sawer"
"3543","410","23","Indore"
"3544","410","23","Mhow"
"3545","414","23","Barwaha"
"3546","414","23","Maheshwar"
"3547","414","23","Kasrawad"
"3548","414","23","Segaon"
"3549","414","23","Bhikangaon"
"3550","414","23","Khargone"
"3551","414","23","Gogaon"
"3552","414","23","Bhagwanpura"
"3553","414","23","Jhiranya"
"3554","393","23","Barwani"
"3555","393","23","Pati"
"3556","393","23","Thikri"
"3557","393","23","Anjad"
"3558","393","23","Rajpur"
"3559","393","23","Pansemal"
"3560","393","23","Niwali"
"3561","393","23","Sendhwa"
"3562","393","23","Varla"
"3563","422","23","Jirapur"
"3564","422","23","Khilchipur"
"3565","422","23","Rajgarh"
"3566","422","23","Biaora"
"3567","422","23","Sarangpur"
"3568","422","23","Narsinghgarh"
"3569","422","23","Pachore"
"3570","437","23","Lateri"
"3571","437","23","Sironj"
"3572","437","23","Kurwai"
"3573","437","23","Basoda"
"3574","437","23","Tyonda"
"3575","437","23","Nateran"
"3576","437","23","Shamshabad"
"3577","437","23","Gyaraspur"
"3578","437","23","Gulabganj"
"3579","437","23","Vidisha"
"3580","396","23","Berasia"
"3581","396","23","Huzur"
"3582","427","23","Sehore"
"3583","427","23","Shyampur"
"3584","427","23","Ashta"
"3585","427","23","Jawar"
"3586","427","23","Ichhawar"
"3587","427","23","Nasrullaganj"
"3588","427","23","Budni"
"3589","427","23","Rehti"
"3590","421","23","Raisen"
"3591","421","23","Gairatganj"
"3592","421","23","Begamganj"
"3593","421","23","Goharganj"
"3594","421","23","Baraily"
"3595","421","23","Badi"
"3596","421","23","Silwani"
"3597","421","23","Udaipura"
"3598","394","23","Bhainsdehi"
"3599","394","23","Athner"
"3600","394","23","Betul"
"3601","394","23","Chicholi"
"3602","394","23","Ghoda Dongri"
"3603","394","23","Shahpur"
"3604","394","23","Multai"
"3605","394","23","Amla"
"3606","408","23","Khirkiya"
"3607","408","23","Sirali"
"3608","408","23","Harda"
"3609","408","23","Handiya"
"3610","408","23","Timarni"
"3611","408","23","Rehatgaon"
"3612","409","23","Seoni Malwa"
"3613","409","23","Itarsi"
"3614","409","23","Hoshangabad"
"3615","409","23","Dolariya"
"3616","409","23","Babai"
"3617","409","23","Sohagpur"
"3618","409","23","Pipariya"
"3619","409","23","Bankhedi"
"3620","413","23","Murwara Or Katni"
"3621","413","23","Rithi"
"3622","413","23","Barhi"
"3623","413","23","Badwara"
"3624","413","23","Vijayraghavgarh"
"3625","413","23","Bahoriband"
"3626","413","23","Dhimarkheda"
"3627","411","23","Sihora"
"3628","411","23","Majholi"
"3629","411","23","Patan"
"3630","411","23","Shahpura"
"3631","411","23","Jabalpur"
"3632","411","23","Panagar"
"3633","411","23","Kundam"
"3634","418","23","Gotegaon"
"3635","418","23","Gadarwara"
"3636","418","23","Narsimhapur"
"3637","418","23","Kareli"
"3638","418","23","Tendukheda"
"3639","404","23","Shahpura"
"3640","404","23","Dindori"
"3641","415","23","Niwas"
"3642","415","23","Narayanganj"
"3643","415","23","Mandla"
"3644","415","23","Ghughari"
"3645","415","23","Bichhiya"
"3646","415","23","Nainpur"
"3647","399","23","Tamia"
"3648","399","23","Amarwara"
"3649","399","23","Harrai"
"3650","399","23","Chaurai"
"3651","399","23","Jamai"
"3652","399","23","Parasia"
"3653","399","23","Umreth"
"3654","399","23","Chhindwara"
"3655","399","23","Mohkhed"
"3656","399","23","Sausar"
"3657","399","23","Bichhua"
"3658","399","23","Pandhurna"
"3659","428","23","Lakhnadon"
"3660","428","23","Chhapara"
"3661","428","23","Ghansaur"
"3662","428","23","Dhanora"
"3663","428","23","Keolari"
"3664","428","23","Seoni"
"3665","428","23","Barghat"
"3666","428","23","Kurai"
"3667","392","23","Katangi"
"3668","392","23","Tirodi"
"3669","392","23","Waraseoni"
"3670","392","23","Khairlanji"
"3671","392","23","Lalbarra"
"3672","392","23","Balaghat"
"3673","392","23","Kirnapur"
"3674","392","23","Baihar"
"3675","392","23","Paraswada"
"3676","392","23","Lanji"
"3677","406","23","Guna"
"3678","406","23","Bamori"
"3679","406","23","Raghogarh"
"3680","406","23","Maksoodangarh"
"3681","406","23","Kumbhraj"
"3682","406","23","Aron"
"3683","406","23","Chachaura"
"3684","391","23","Isagarh"
"3685","391","23","Chanderi"
"3686","391","23","Ashoknagar"
"3687","391","23","Shadhora"
"3688","391","23","Mungaoli"
"3689","429","23","Beohari"
"3690","429","23","Jaisinghnagar"
"3691","429","23","Sohagpur"
"3692","429","23","Jaitpur"
"3693","390","23","Kotma"
"3694","390","23","Anuppur"
"3695","390","23","Jaithari"
"3696","390","23","Pushparajgarh"
"3697","433","23","Rampur Naikin"
"3698","433","23","Churhat"
"3699","433","23","Gopadbanas"
"3700","433","23","Sihawal"
"3701","433","23","Majhauli"
"3702","433","23","Kusmi"
"3703","638","23","Chitrangi"
"3704","638","23","Deosar"
"3705","638","23","Singrauli"
"3706","412","23","Thandla"
"3707","412","23","Petlawad"
"3708","412","23","Meghnagar"
"3709","412","23","Jhabua"
"3710","412","23","Ranapur"
"3711","639","23","Bhavra"
"3712","639","23","Jobat"
"3713","639","23","Alirajpur"
"3714","405","23","Harsud"
"3715","405","23","Khalwa"
"3716","405","23","Khandwa"
"3717","405","23","Punasa"
"3718","405","23","Pandhana"
"3719","397","23","Burhanpur"
"3720","397","23","Khaknar"
"3721","397","23","Nepanagar"
"3722","449","24","Lakhpat"
"3723","449","24","Rapar"
"3724","449","24","Bhachau"
"3725","449","24","Anjar"
"3726","449","24","Bhuj"
"3727","449","24","Nakhatrana"
"3728","449","24","Abdasa"
"3729","449","24","Mandvi"
"3730","449","24","Mundra"
"3731","449","24","Gandhidham"
"3732","441","24","Vav"
"3733","441","24","Tharad"
"3734","441","24","Dhanera"
"3735","441","24","Dantiwada"
"3736","441","24","Amirgadh"
"3737","441","24","Danta"
"3738","441","24","Vadgam"
"3739","441","24","Palanpur"
"3740","441","24","Deesa"
"3741","441","24","Deodar"
"3742","441","24","Bhabhar"
"3743","441","24","Kankrej"
"3744","455","24","Santalpur"
"3745","455","24","Radhanpur"
"3746","455","24","Sidhpur"
"3747","455","24","Patan"
"3748","455","24","Harij"
"3749","455","24","Sami"
"3750","455","24","Chanasma"
"3751","451","24","Satlasana"
"3752","451","24","Kheralu"
"3753","451","24","Unjha"
"3754","451","24","Visnagar"
"3755","451","24","Vadnagar"
"3756","451","24","Vijapur"
"3757","451","24","Mahesana"
"3758","451","24","Becharaji"
"3759","451","24","Kadi"
"3760","458","24","Khedbrahma"
"3761","458","24","Vijaynagar"
"3762","458","24","Vadali"
"3763","458","24","Idar"
"3764","672","24","Bhiloda"
"3765","672","24","Meghraj"
"3766","458","24","Himatnagar"
"3767","458","24","Prantij"
"3768","458","24","Talod"
"3769","672","24","Modasa"
"3770","672","24","Dhansura"
"3771","672","24","Malpur"
"3772","672","24","Bayad"
"3773","446","24","Kalol Gandhinagar"
"3774","446","24","Mansa"
"3775","446","24","Gandhinagar"
"3776","446","24","Dehgam"
"3777","438","24","Mandal"
"3778","438","24","Detroj-Rampura"
"3779","438","24","Viramgam"
"3780","438","24","Sanand"
"3781","438","24","Sabarmati"
"3782","438","24","Daskroi"
"3783","438","24","Dholka"
"3784","438","24","Bavla"
"3785","676","24","Ranpur"
"3786","676","24","Barwala"
"3787","438","24","Dhandhuka"
"3788","673","24","Halvad"
"3789","460","24","Dhrangadhra"
"3790","460","24","Dasada"
"3791","460","24","Lakhtar"
"3792","460","24","Wadhwan"
"3793","460","24","Muli"
"3794","460","24","Chotila"
"3795","460","24","Sayla"
"3796","460","24","Chuda"
"3797","460","24","Limbdi"
"3798","673","24","Maliya"
"3799","673","24","Morvi"
"3800","673","24","Tankara"
"3801","673","24","Wankaner"
"3802","457","24","Paddhari"
"3803","457","24","Rajkot"
"3804","457","24","Lodhika"
"3805","457","24","Kotda Sangani"
"3806","457","24","Jasdan"
"3807","457","24","Gondal"
"3808","457","24","Jamkandorna"
"3809","457","24","Upleta"
"3810","457","24","Dhoraji"
"3811","457","24","Jetpur"
"3812","674","24","Okhamandal"
"3813","674","24","Khambhalia"
"3814","447","24","Jamnagar Rural"
"3815","447","24","Jodiya"
"3816","447","24","Dhrol"
"3817","447","24","Kalavad"
"3818","447","24","Lalpur"
"3819","674","24","Kalyanpur"
"3820","674","24","Bhanvad"
"3821","447","24","Jamjodhpur"
"3822","456","24","Porbandar"
"3823","456","24","Ranavav"
"3824","456","24","Kutiyana"
"3825","448","24","Manavadar"
"3826","448","24","Vanthali"
"3827","448","24","Junagadh"
"3828","448","24","Bhesan"
"3829","448","24","Visavadar"
"3830","448","24","Mendarda"
"3831","448","24","Keshod"
"3832","448","24","Mangrol"
"3833","448","24","Malia Hatina"
"3834","675","24","Talala"
"3835","675","24","Patan-Veraval"
"3836","675","24","Sutrapada"
"3837","675","24","Kodinar"
"3838","675","24","Una"
"3839","439","24","Kunkavav Vadia"
"3840","439","24","Babra"
"3841","439","24","Lathi"
"3842","439","24","Lilia"
"3843","439","24","Amreli"
"3844","439","24","Bagasara"
"3845","439","24","Dhari"
"3846","439","24","Savar Kundla"
"3847","439","24","Khambha"
"3848","439","24","Jafrabad"
"3849","439","24","Rajula"
"3850","676","24","Botad"
"3851","443","24","Vallabhipur"
"3852","676","24","Gadhada"
"3853","443","24","Umrala"
"3854","443","24","Bhavnagar"
"3855","443","24","Ghogha"
"3856","443","24","Sihor"
"3857","443","24","Gariadhar"
"3858","443","24","Palitana"
"3859","443","24","Talaja"
"3860","443","24","Mahuva"
"3861","440","24","Tarapur"
"3862","440","24","Sojitra"
"3863","440","24","Umreth"
"3864","440","24","Anand Rural"
"3865","440","24","Petlad"
"3866","440","24","Khambhat"
"3867","440","24","Borsad"
"3868","440","24","Anklav"
"3869","450","24","Kapadvanj"
"3870","669","24","Virpur"
"3871","669","24","Balasinor"
"3872","450","24","Kathlal"
"3873","450","24","Mehmedabad"
"3874","450","24","Kheda"
"3875","450","24","Matar"
"3876","450","24","Nadiad"
"3877","450","24","Mahudha"
"3878","450","24","Thasra"
"3879","669","24","Khanpur"
"3880","669","24","Kadana"
"3881","669","24","Santrampur"
"3882","669","24","Lunawada"
"3883","454","24","Shehera"
"3884","454","24","Morwa (Hadaf)"
"3885","454","24","Godhra"
"3886","454","24","Kalol"
"3887","454","24","Ghoghamba"
"3888","454","24","Halol"
"3889","454","24","Jambughoda"
"3890","445","24","Fatepura"
"3891","445","24","Jhalod"
"3892","445","24","Limkheda"
"3893","445","24","Dohad"
"3894","445","24","Garbada"
"3895","445","24","Devgadbaria"
"3896","445","24","Dhanpur"
"3897","461","24","Savli"
"3898","461","24","Vadodara Rural"
"3899","461","24","Vaghodia"
"3900","668","24","Jetpur Pavi"
"3901","668","24","Chhota Udaipur"
"3902","668","24","Kavant"
"3903","668","24","Nasvadi"
"3904","668","24","Sankheda"
"3905","461","24","Dabhoi"
"3906","461","24","Padra"
"3907","461","24","Karjan"
"3908","461","24","Sinor"
"3909","452","24","Tilakwada"
"3910","452","24","Nandod"
"3911","452","24","Dediapada"
"3912","452","24","Sagbara"
"3913","442","24","Jambusar"
"3914","442","24","Amod"
"3915","442","24","Vagra"
"3916","442","24","Bharuch"
"3917","442","24","Jhagadia"
"3918","442","24","Anklesvar"
"3919","442","24","Hansot"
"3920","442","24","Valia"
"3921","444","24","Ahwa"
"3922","453","24","Navsari"
"3923","453","24","Jalalpore"
"3924","453","24","Gandevi"
"3925","453","24","Chikhli"
"3926","453","24","Bansda"
"3927","462","24","Valsad"
"3928","462","24","Dharampur"
"3929","462","24","Pardi"
"3930","462","24","Kaprada"
"3931","462","24","Umbergaon"
"3932","459","24","Olpad"
"3933","459","24","Mangrol"
"3934","459","24","Umarpada"
"3935","459","24","Mandvi Surat"
"3936","459","24","Kamrej"
"3937","459","24","Majura"
"3938","459","24","Chorasi"
"3939","459","24","Palsana"
"3940","459","24","Bardoli"
"3941","459","24","Mahuva"
"3942","641","24","Nizar"
"3943","641","24","Uchchhal"
"3944","641","24","Songadh"
"3945","641","24","Vyara"
"3946","641","24","Valod"
"3947","464","38","Diu"
"3948","463","38","Daman"
"3949","465","38","Dadra & Nagar Haveli"
"3950","486","27","Akkalkuwa"
"3951","486","27","Akrani"
"3952","486","27","Talode"
"3953","486","27","Shahade"
"3954","486","27","Nandurbar"
"3955","486","27","Nawapur"
"3956","474","27","Shirpur"
"3957","474","27","Sindkhede"
"3958","474","27","Sakri"
"3959","474","27","Dhule"
"3960","478","27","Chopda"
"3961","478","27","Yawal"
"3962","478","27","Raver"
"3963","478","27","Muktainagar (Edlabad)"
"3964","478","27","Bodvad"
"3965","478","27","Bhusawal"
"3966","478","27","Jalgaon"
"3967","478","27","Erandol"
"3968","478","27","Dharangaon"
"3969","478","27","Amalner"
"3970","478","27","Parola"
"3971","478","27","Bhadgaon"
"3972","478","27","Chalisgaon"
"3973","478","27","Pachora"
"3974","478","27","Jamner"
"3975","472","27","Jalgaon (Jamod)"
"3976","472","27","Sangrampur"
"3977","472","27","Shegaon"
"3978","472","27","Nandura"
"3979","472","27","Malkapur"
"3980","472","27","Motala"
"3981","472","27","Khamgaon"
"3982","472","27","Mehkar"
"3983","472","27","Chikhli"
"3984","472","27","Buldana"
"3985","472","27","Deolgaon Raja"
"3986","472","27","Sindkhed Raja"
"3987","472","27","Lonar"
"3988","467","27","Telhara"
"3989","467","27","Akot"
"3990","467","27","Balapur"
"3991","467","27","Akola"
"3992","467","27","Murtijapur"
"3993","467","27","Patur"
"3994","467","27","Barshitakli"
"3995","499","27","Malegaon"
"3996","499","27","Mangrulpir"
"3997","499","27","Karanja"
"3998","499","27","Manora"
"3999","499","27","Washim"
"4000","499","27","Risod"
"4001","468","27","Dharni"
"4002","468","27","Chikhaldara"
"4003","468","27","Anjangaon Surji"
"4004","468","27","Achalpur"
"4005","468","27","Chandurbazar"
"4006","468","27","Morshi"
"4007","468","27","Warud"
"4008","468","27","Tiosa"
"4009","468","27","Amravati"
"4010","468","27","Bhatkuli"
"4011","468","27","Daryapur"
"4012","468","27","Nandgaon-Khandeshwar"
"4013","468","27","Chandur Railway"
"4014","468","27","Dhamangaon Railway"
"4015","498","27","Ashti"
"4016","498","27","Karanja"
"4017","498","27","Arvi"
"4018","498","27","Seloo"
"4019","498","27","Wardha"
"4020","498","27","Deoli"
"4021","498","27","Hinganghat"
"4022","498","27","Samudrapur"
"4023","484","27","Narkhed"
"4024","484","27","Katol"
"4025","484","27","Kalameshwar"
"4026","484","27","Savner"
"4027","484","27","Parseoni"
"4028","484","27","Ramtek"
"4029","484","27","Mauda"
"4030","484","27","Kamptee"
"4031","484","27","Nagpur (Rural)"
"4032","484","27","Nagpur (Urban)"
"4033","484","27","Hingna"
"4034","484","27","Umred"
"4035","484","27","Kuhi"
"4036","484","27","Bhiwapur"
"4037","471","27","Tumsar"
"4038","471","27","Mohadi"
"4039","471","27","Bhandara"
"4040","471","27","Sakoli"
"4041","471","27","Lakhani"
"4042","471","27","Pauni"
"4043","471","27","Lakhandur"
"4044","476","27","Tirora"
"4045","476","27","Goregaon"
"4046","476","27","Gondiya"
"4047","476","27","Amgaon"
"4048","476","27","Salekasa"
"4049","476","27","Sadak-Arjuni"
"4050","476","27","Arjuni Morgaon"
"4051","476","27","Deori"
"4052","475","27","Desaiganj (Vadasa)"
"4053","475","27","Armori"
"4054","475","27","Kurkheda"
"4055","475","27","Korchi"
"4056","475","27","Dhanora"
"4057","475","27","Gadchiroli"
"4058","475","27","Chamorshi"
"4059","475","27","Mulchera"
"4060","475","27","Etapalli"
"4061","475","27","Bhamragad"
"4062","475","27","Aheri"
"4063","475","27","Sironcha"
"4064","473","27","Warora"
"4065","473","27","Chimur"
"4066","473","27","Nagbhid"
"4067","473","27","Brahmapuri"
"4068","473","27","Sawali"
"4069","473","27","Sindewahi"
"4070","473","27","Bhadravati"
"4071","473","27","Chandrapur"
"4072","473","27","Mul"
"4073","473","27","Pombhurna"
"4074","473","27","Ballarpur"
"4075","473","27","Korpana"
"4076","473","27","Jiwati"
"4077","473","27","Rajura"
"4078","473","27","Gondpipri"
"4079","500","27","Ner"
"4080","500","27","Babulgaon"
"4081","500","27","Kalamb"
"4082","500","27","Yavatmal"
"4083","500","27","Darwha"
"4084","500","27","Digras"
"4085","500","27","Pusad"
"4086","500","27","Umarkhed"
"4087","500","27","Mahagaon"
"4088","500","27","Arni"
"4089","500","27","Ghatanji"
"4090","500","27","Kelapur"
"4091","500","27","Ralegaon"
"4092","500","27","Maregaon"
"4093","500","27","Zari-Jamani"
"4094","500","27","Wani"
"4095","485","27","Mahur"
"4096","485","27","Kinwat"
"4097","485","27","Himayatnagar"
"4098","485","27","Hadgaon"
"4099","485","27","Ardhapur"
"4100","485","27","Nanded"
"4101","485","27","Mudkhed"
"4102","485","27","Bhokar"
"4103","485","27","Umri"
"4104","485","27","Dharmabad"
"4105","485","27","Biloli"
"4106","485","27","Naigaon (Khairgaon)"
"4107","485","27","Loha"
"4108","485","27","Kandhar"
"4109","485","27","Mukhed"
"4110","485","27","Deglur"
"4111","477","27","Sengaon"
"4112","477","27","Hingoli"
"4113","477","27","Aundha (Nagnath)"
"4114","477","27","Kalamnuri"
"4115","477","27","Vasmath"
"4116","489","27","Selu"
"4117","489","27","Jintur"
"4118","489","27","Parbhani"
"4119","489","27","Manwath"
"4120","489","27","Pathri"
"4121","489","27","Sonpeth"
"4122","489","27","Gangakhed"
"4123","489","27","Palam"
"4124","489","27","Purna"
"4125","479","27","Bhokardan"
"4126","479","27","Jafrabad"
"4127","479","27","Jalna"
"4128","479","27","Badnapur"
"4129","479","27","Ambad"
"4130","479","27","Ghansawangi"
"4131","479","27","Partur"
"4132","479","27","Mantha"
"4133","469","27","Kannad"
"4134","469","27","Soegaon"
"4135","469","27","Sillod"
"4136","469","27","Phulambri"
"4137","469","27","Aurangabad"
"4138","469","27","Khuldabad"
"4139","469","27","Vaijapur"
"4140","469","27","Gangapur"
"4141","469","27","Paithan"
"4142","487","27","Surgana"
"4143","487","27","Kalwan"
"4144","487","27","Deola"
"4145","487","27","Baglan"
"4146","487","27","Malegaon"
"4147","487","27","Nandgaon"
"4148","487","27","Chandvad"
"4149","487","27","Dindori"
"4150","487","27","Peth"
"4151","487","27","Trimbakeshwar"
"4152","487","27","Nashik"
"4153","487","27","Igatpuri"
"4154","487","27","Sinnar"
"4155","487","27","Niphad"
"4156","487","27","Yevla"
"4157","665","27","Talasari"
"4158","665","27","Dahanu"
"4159","665","27","Vikramgad"
"4160","665","27","Jawhar"
"4161","665","27","Mokhada"
"4162","665","27","Wada"
"4163","665","27","Palghar"
"4164","665","27","Vasai"
"4165","497","27","Thane"
"4166","497","27","Bhiwandi"
"4167","497","27","Shahapur"
"4168","497","27","Kalyan"
"4169","497","27","Ulhasnagar"
"4170","497","27","Ambarnath"
"4171","497","27","Murbad"
"4172","491","27","Uran"
"4173","491","27","Panvel"
"4174","491","27","Karjat"
"4175","491","27","Khalapur"
"4176","491","27","Pen"
"4177","491","27","Alibag"
"4178","491","27","Murud"
"4179","491","27","Roha"
"4180","491","27","Sudhagad"
"4181","491","27","Mangaon"
"4182","491","27","Tala"
"4183","491","27","Shrivardhan"
"4184","491","27","Mhasla"
"4185","491","27","Mahad"
"4186","491","27","Poladpur"
"4187","490","27","Junnar"
"4188","490","27","Ambegaon"
"4189","490","27","Shirur"
"4190","490","27","Khed"
"4191","490","27","Mawal"
"4192","490","27","Mulshi"
"4193","490","27","Haveli"
"4194","490","27","Pune City"
"4195","490","27","Daund"
"4196","490","27","Purandhar"
"4197","490","27","Velhe"
"4198","490","27","Bhor"
"4199","490","27","Baramati"
"4200","490","27","Indapur"
"4201","466","27","Akole"
"4202","466","27","Sangamner"
"4203","466","27","Kopargaon"
"4204","466","27","Rahta"
"4205","466","27","Shrirampur"
"4206","466","27","Nevasa"
"4207","466","27","Shevgaon"
"4208","466","27","Pathardi"
"4209","466","27","Nagar"
"4210","466","27","Rahuri"
"4211","466","27","Parner"
"4212","466","27","Shrigonda"
"4213","466","27","Karjat"
"4214","466","27","Jamkhed"
"4215","470","27","Ashti"
"4216","470","27","Patoda"
"4217","470","27","Shirur (Kasar)"
"4218","470","27","Georai"
"4219","470","27","Majalgaon"
"4220","470","27","Wadwani"
"4221","470","27","Beed"
"4222","470","27","Kaij"
"4223","470","27","Dharur"
"4224","470","27","Parli"
"4225","470","27","Ambejogai"
"4226","481","27","Latur"
"4227","481","27","Renapur"
"4228","481","27","Ahmadpur"
"4229","481","27","Jalkot"
"4230","481","27","Chakur"
"4231","481","27","Shirur Anantpal"
"4232","481","27","Ausa"
"4233","481","27","Nilanga"
"4234","481","27","Deoni"
"4235","481","27","Udgir"
"4236","488","27","Paranda"
"4237","488","27","Bhum"
"4238","488","27","Washi"
"4239","488","27","Kalamb"
"4240","488","27","Osmanabad"
"4241","488","27","Tuljapur"
"4242","488","27","Lohara"
"4243","488","27","Omarga"
"4244","496","27","Karmala"
"4245","496","27","Madha"
"4246","496","27","Barshi"
"4247","496","27","Solapur North"
"4248","496","27","Mohol"
"4249","496","27","Pandharpur"
"4250","496","27","Malshiras"
"4251","496","27","Sangole"
"4252","496","27","Mangalvedhe"
"4253","496","27","Solapur South"
"4254","496","27","Akkalkot"
"4255","494","27","Mahabaleshwar"
"4256","494","27","Wai"
"4257","494","27","Khandala"
"4258","494","27","Phaltan"
"4259","494","27","Man"
"4260","494","27","Khatav"
"4261","494","27","Koregaon"
"4262","494","27","Satara"
"4263","494","27","Jaoli"
"4264","494","27","Patan"
"4265","494","27","Karad"
"4266","492","27","Mandangad"
"4267","492","27","Dapoli"
"4268","492","27","Khed"
"4269","492","27","Chiplun"
"4270","492","27","Guhagar"
"4271","492","27","Ratnagiri"
"4272","492","27","Sangameshwar"
"4273","492","27","Lanja"
"4274","492","27","Rajapur"
"4275","495","27","Devgad"
"4276","495","27","Vaibhavvadi"
"4277","495","27","Kankavli"
"4278","495","27","Malwan"
"4279","495","27","Vengurla"
"4280","495","27","Kudal"
"4281","495","27","Sawantwadi"
"4282","495","27","Dodamarg"
"4283","480","27","Shahuwadi"
"4284","480","27","Panhala"
"4285","480","27","Hatkanangle"
"4286","480","27","Shirol"
"4287","480","27","Karvir"
"4288","480","27","Gaganbawada"
"4289","480","27","Radhanagari"
"4290","480","27","Kagal"
"4291","480","27","Bhudargad"
"4292","480","27","Ajra"
"4293","480","27","Gadhinglaj"
"4294","480","27","Chandgad"
"4295","493","27","Shirala"
"4296","493","27","Walwa"
"4297","493","27","Palus"
"4298","493","27","Kadegaon"
"4299","493","27","Khanapur"
"4300","493","27","Atpadi"
"4301","493","27","Tasgaon"
"4302","493","27","Miraj"
"4303","493","27","Kavathemahankal"
"4304","493","27","Jat"
"4305","501","36","Tamsi"
"4306","501","36","Adilabad Urban"
"4307","501","36","Jainath"
"4308","501","36","Bela"
"4309","501","36","Talamadugu"
"4310","501","36","Gudihatnoor"
"4311","501","36","Inderavelly"
"4312","501","36","Narnoor"
"4313","699","36","Kerameri"
"4314","699","36","Wankidi"
"4315","699","36","Sirpur (T)"
"4316","699","36","Koutala"
"4317","699","36","Bejjur"
"4318","699","36","Kagaznagar"
"4319","699","36","Asifabad"
"4320","699","36","Jainoor"
"4321","501","36","Utnoor"
"4322","501","36","Ichoda"
"4323","501","36","Bazarhatnoor"
"4324","501","36","Boath"
"4325","501","36","Neradigonda"
"4326","699","36","Sirpur U"
"4327","699","36","Rebbena"
"4328","684","36","Bheemini"
"4329","699","36","Dahegoan"
"4330","684","36","Vemanpally"
"4331","684","36","Nennel"
"4332","684","36","Tandur"
"4333","699","36","Tiryani"
"4334","684","36","Jannaram"
"4335","680","36","Kaddam Peddur"
"4336","680","36","Sarangapur"
"4337","680","36","Kuntala"
"4338","680","36","Kubeer"
"4339","680","36","Bhainsa"
"4340","680","36","Tanoor"
"4341","680","36","Mudhole"
"4342","680","36","Lokeswaram"
"4343","680","36","Dilawarpur"
"4344","680","36","Nirmal U"
"4345","680","36","Laxmanchanda"
"4346","680","36","Mamada"
"4347","680","36","Khanapur"
"4348","684","36","Dandepally"
"4349","684","36","Kasipet"
"4350","684","36","Bellampally"
"4351","684","36","Kotapally"
"4352","684","36","Mandamarri"
"4353","684","36","Luxettipet"
"4354","684","36","Mancherial"
"4355","684","36","Jaipur"
"4356","684","36","Chennur"
"4357","516","36","Renjal"
"4358","516","36","Navipet"
"4359","516","36","Nandipet"
"4360","516","36","Armoor"
"4361","516","36","Balkonda"
"4362","516","36","Morthad"
"4363","516","36","Kammarpally"
"4364","516","36","Bheemgal"
"4365","516","36","Vailpoor"
"4366","516","36","Jakranpally"
"4367","516","36","Makloor"
"4368","516","36","Nizamabad North"
"4369","516","36","Yedapally"
"4370","516","36","Bodhan"
"4371","516","36","Kotagiri"
"4372","685","36","Madnoor"
"4373","685","36","Jukkal"
"4374","685","36","Bichkunda"
"4375","685","36","Birkur"
"4376","516","36","Varni"
"4377","516","36","Dichpally"
"4378","516","36","Dharpally"
"4379","516","36","Sirikonda"
"4380","685","36","Machareddy"
"4381","685","36","Sadashivanagar"
"4382","685","36","Gandhari"
"4383","685","36","Banswada"
"4384","685","36","Pitlam"
"4385","685","36","Nizamsagar"
"4386","685","36","Yellareddy"
"4387","685","36","Nagireddypet"
"4388","685","36","Lingampet"
"4389","685","36","Tadwai"
"4390","685","36","Kamareddy"
"4391","685","36","Bhiknoor"
"4392","685","36","Domakonda"
"4393","681","36","Ibrahimpatnam"
"4394","681","36","Mallapur"
"4395","681","36","Raikal"
"4396","681","36","Sarangapur"
"4397","681","36","Dharmapuri"
"4398","681","36","Velgatur"
"4399","682","36","Ramagundam"
"4400","682","36","Kamanpur"
"4401","682","36","Manthani"
"4402","687","36","Kataram"
"4403","687","36","Mahadevpur"
"4404","687","36","Mutharam Mahadevpur"
"4405","687","36","Malharrao"
"4406","682","36","Mutharam (Manthani)"
"4407","682","36","Srirampur"
"4408","682","36","Peddapalli"
"4409","682","36","Julapalli"
"4410","682","36","Eligaid"
"4411","682","36","Dharmaram"
"4412","681","36","Gollapalli"
"4413","681","36","Mallial"
"4414","681","36","Jagitial"
"4415","681","36","Medipalli"
"4416","681","36","Korutla"
"4417","681","36","Metpalli"
"4418","681","36","Kathlapur"
"4419","683","36","Chandurthi"
"4420","681","36","Kodimial"
"4421","681","36","Pegadapalli"
"4422","508","36","Gangadhara"
"4423","508","36","Ramadugu"
"4424","508","36","Choppadandi"
"4425","682","36","Sulthanabad"
"4426","682","36","Odela"
"4427","508","36","Manakondur"
"4428","508","36","Karimnagar Rural"
"4429","683","36","Boinpalli"
"4430","683","36","Vemulawada"
"4431","683","36","Konaraopet"
"4432","683","36","Yellareddipet"
"4433","683","36","Gambhiraopet"
"4434","683","36","Mustabad"
"4435","683","36","Sircilla"
"4436","683","36","Illanthakunta"
"4437","692","36","Bejjanki"
"4438","508","36","Thimmapur LMD"
"4439","508","36","Veenavanka"
"4440","508","36","Jammikunta"
"4441","508","36","Shankarapatnam"
"4442","508","36","Chigurumamidi"
"4443","692","36","Koheda"
"4444","692","36","Husnabad"
"4445","508","36","V.Saidapur"
"4446","508","36","Huzurabad"
"4447","686","36","Kamalapur"
"4448","686","36","Bheemadevarpalli"
"4449","686","36","Elkathurthy"
"4450","691","36","Kangti"
"4451","691","36","Manoor"
"4452","691","36","Narayankhed"
"4453","691","36","Kalher"
"4454","513","36","Shankarampet (A)"
"4455","513","36","Papannapet"
"4456","513","36","Medak"
"4457","513","36","Ramayampet"
"4458","692","36","Dubbak"
"4459","692","36","Siddipet Urban"
"4460","692","36","Chinnakodur"
"4461","692","36","Nangnoor"
"4462","692","36","Kondapak"
"4463","692","36","Thoguta"
"4464","692","36","Mirdoddi"
"4465","692","36","Doultabad"
"4466","513","36","Chegunta"
"4467","513","36","Shankarampet (R)"
"4468","513","36","Kulcharam"
"4469","513","36","Tekmal"
"4470","513","36","Alladurg"
"4471","513","36","Regode"
"4472","691","36","Raikode"
"4473","691","36","Nyalkal"
"4474","691","36","Zahirabad"
"4475","691","36","Kohir"
"4476","691","36","Jharasangam"
"4477","691","36","Munipally"
"4478","691","36","Pulkal"
"4479","691","36","Andole"
"4480","513","36","Kowdipally"
"4481","513","36","Yeldurthy"
"4482","513","36","Toopran"
"4483","692","36","Gajwel"
"4484","692","36","Jagdevpur"
"4485","692","36","Wargal"
"4486","692","36","Mulug"
"4487","513","36","Shivampet"
"4488","513","36","Narsapur"
"4489","691","36","Hathnoora"
"4490","691","36","Sadasivpet"
"4491","691","36","Kondapur"
"4492","691","36","Sangareddy"
"4493","691","36","Jinnaram"
"4494","691","36","Patancheru"
"4495","691","36","Ramchandrapuram"
"4496","507","36","Shaikpet"
"4497","507","36","Ameerpet"
"4498","507","36","Secunderabad"
"4499","507","36","Tirumalgiri"
"4500","507","36","Marredpally"
"4501","507","36","Musheerabad"
"4502","507","36","Amberpet"
"4503","507","36","Himayatnagar"
"4504","507","36","Nampally"
"4505","507","36","Khairatabad"
"4506","507","36","Asif Nagar"
"4507","507","36","Golconda"
"4508","507","36","Bahadurpura"
"4509","507","36","Bandlaguda"
"4510","507","36","Charminar"
"4511","507","36","Saidabad"
"4512","698","36","Marpalle"
"4513","698","36","Mominpet"
"4514","698","36","Nawabpet"
"4515","518","36","Shankarpalle"
"4516","518","36","Serilingampally"
"4517","700","36","Balanagar"
"4518","700","36","Qutballapur"
"4519","700","36","Medchal"
"4520","700","36","Shamirpet"
"4521","700","36","Malkajgiri"
"4522","700","36","Keesara"
"4523","700","36","Ghatkesar"
"4524","700","36","Uppal"
"4525","518","36","Hayathnagar"
"4526","518","36","Saroornagar"
"4527","518","36","Rajendranagar"
"4528","518","36","Moinabad"
"4529","518","36","Chevella"
"4530","698","36","Vikarabad"
"4531","698","36","Dharur"
"4532","698","36","Bantwaram"
"4533","698","36","Peddemul"
"4534","698","36","Tandur"
"4535","698","36","Basheerabad"
"4536","698","36","Yelal"
"4537","698","36","Doma"
"4538","512","36","Gandeed"
"4539","698","36","Kulkacharla"
"4540","698","36","Pargi"
"4541","698","36","Pudur"
"4542","518","36","Shabad"
"4543","518","36","Shamshabad"
"4544","518","36","Maheshwaram"
"4545","518","36","Kandukur"
"4546","518","36","Ibrahimpatnam"
"4547","518","36","Manchal"
"4548","518","36","Yacharam"
"4549","698","36","Kodangal"
"4550","698","36","Bomaraspeta"
"4551","721","36","Kosgi"
"4552","698","36","Doulathabad"
"4553","721","36","Damargidda"
"4554","721","36","Maddur"
"4555","512","36","Hanwada"
"4556","512","36","Nawabpet"
"4557","512","36","Balanagar"
"4558","518","36","Kondurg"
"4559","518","36","Farooqnagar"
"4560","518","36","Kothur"
"4561","518","36","Keshampet"
"4562","518","36","Thalakondapally"
"4563","518","36","Amangal"
"4564","518","36","Madgul"
"4565","694","36","Veldanda"
"4566","512","36","Midjil"
"4567","512","36","Jadcherla"
"4568","512","36","Mahabubnagar Urban"
"4569","512","36","Koilkonda"
"4570","721","36","Narayanpet"
"4571","721","36","Utkoor"
"4572","721","36","Dhanwada"
"4573","512","36","Devarakadra"
"4574","512","36","Bhoothpur"
"4575","694","36","Thimmajipet"
"4576","694","36","Kalwakurthy"
"4577","694","36","Vangoor"
"4578","694","36","Amrabad"
"4579","694","36","Achampet"
"4580","694","36","Uppununthala"
"4581","694","36","Telkapally"
"4582","694","36","Tadoor"
"4583","694","36","Nagarkurnool"
"4584","694","36","Bijinapally"
"4585","693","36","Ghanpur"
"4586","512","36","Addakal"
"4587","512","36","Chinnachintakunta"
"4588","721","36","Narwa"
"4589","721","36","Makthal"
"4590","721","36","Maganoor"
"4591","695","36","Dharoor"
"4592","693","36","Atmakur"
"4593","693","36","Kothakota"
"4594","693","36","Peddamandadi"
"4595","693","36","Wanaparthy"
"4596","693","36","Gopalpeta"
"4597","694","36","Balmoor"
"4598","694","36","Lingal"
"4599","694","36","Peddakothapally"
"4600","694","36","Kodair"
"4601","693","36","Pangal"
"4602","693","36","Pebbair"
"4603","695","36","Gadwal"
"4604","695","36","Maldakal"
"4605","695","36","Ghattu"
"4606","695","36","Ieeja"
"4607","695","36","Itikyala"
"4608","693","36","Weepangandla"
"4609","694","36","Kollapur"
"4610","695","36","Waddepally"
"4611","695","36","Manopad"
"4612","695","36","Alampur"
"4613","697","36","Bommalaramaram"
"4614","697","36","Thurkapally"
"4615","697","36","Rajapeta"
"4616","697","36","Yadagirigutta"
"4617","697","36","Alair"
"4618","697","36","Gundala"
"4619","696","36","Thirumalagiri"
"4620","696","36","Thungaturthy"
"4621","696","36","Nuthanakal"
"4622","696","36","Atmakur (S)"
"4623","696","36","Jajireddygudem"
"4624","514","36","Shaligouraram"
"4625","697","36","Mothkur"
"4626","697","36","Atmakur (M)"
"4627","697","36","Valigonda"
"4628","697","36","Bhongir"
"4629","697","36","Bibinagar"
"4630","697","36","B Pochampally"
"4631","697","36","Choutuppal"
"4632","697","36","Ramannapet"
"4633","514","36","Chityal"
"4634","514","36","Narketpally"
"4635","514","36","Kattangur"
"4636","514","36","Nakrekal"
"4637","514","36","Kethepally"
"4638","696","36","Suryapet"
"4639","696","36","Chivemla"
"4640","696","36","Mothey"
"4641","696","36","Nadigudem"
"4642","696","36","Munagala"
"4643","696","36","Penpahad"
"4644","514","36","Vemulapally"
"4645","514","36","Thipparthy"
"4646","514","36","Nalgonda"
"4647","514","36","Munugode"
"4648","697","36","Narayanpur"
"4649","514","36","Marriguda"
"4650","514","36","Chinthapally"
"4651","514","36","Gundlapally"
"4652","514","36","Chandampeta"
"4653","514","36","Devarakonda"
"4654","514","36","Nampally"
"4655","514","36","Chandur"
"4656","514","36","Kanagal"
"4657","514","36","Gurrampode"
"4658","514","36","Pedda Adesherlapally"
"4659","514","36","Peddavoora"
"4660","514","36","Anumula"
"4661","514","36","Nidmanoor"
"4662","514","36","Tripuraram"
"4663","514","36","Dameracherla"
"4664","514","36","Miryalaguda"
"4665","696","36","Nereducherla"
"4666","696","36","Garidepally"
"4667","696","36","Chilkur"
"4668","696","36","Kodad"
"4669","696","36","Huzurnagar"
"4670","696","36","Mattampally"
"4671","696","36","Mellachervu"
"4672","692","36","Cherial"
"4673","692","36","Maddur"
"4674","689","36","Bachannapet"
"4675","689","36","Narmetta"
"4676","689","36","Ghanpur (Station)"
"4677","686","36","Dharmasagar"
"4678","686","36","Hasanparthy"
"4679","686","36","Parkal"
"4680","687","36","Mogullapally"
"4681","687","36","Chityal"
"4682","687","36","Bhupalpally"
"4683","687","36","Ghanpur (Mulug)"
"4684","720","36","Venkatapur"
"4685","720","36","Eturunagaram"
"4686","720","36","Mangapet"
"4687","720","36","Tadvai"
"4688","720","36","Govindaraopet"
"4689","720","36","Mulug"
"4690","687","36","Regonda"
"4691","686","36","Shayampet"
"4692","522","36","Nallabelli"
"4693","522","36","Duggondi"
"4694","686","36","Athmakur"
"4695","686","36","Hanamkonda"
"4696","689","36","Zaffergadh"
"4697","689","36","Palakurthy"
"4698","689","36","Ragunathpally"
"4699","689","36","Jangoan"
"4700","689","36","Lingalaghanpur"
"4701","689","36","Devaruppula"
"4702","689","36","Kodakandla"
"4703","522","36","Rayaparthy"
"4704","522","36","Wardhannapet"
"4705","522","36","Sangem"
"4706","522","36","Warangal"
"4707","522","36","Geesugonda"
"4708","522","36","Narsampet"
"4709","522","36","Khanapur"
"4710","688","36","Kothaguda"
"4711","688","36","Gudur"
"4712","522","36","Chennaraopet"
"4713","522","36","Nekkonda"
"4714","522","36","Parvathagiri"
"4715","688","36","Thorrur"
"4716","688","36","Nellikudur"
"4717","688","36","Kesamudram"
"4718","688","36","Mahabubabad"
"4719","688","36","Narsimhulapet"
"4720","688","36","Maripeda"
"4721","688","36","Kuravi"
"4722","688","36","Dornakal"
"4723","720","36","Wajedu"
"4724","720","36","Venkatapuram"
"4725","690","36","Pinapaka"
"4726","690","36","Cherla"
"4727","690","36","Manuguru"
"4728","690","36","Aswapuram"
"4729","690","36","Dummugudem"
"4730","690","36","Bhadrachalam"
"4731","745","28","Kunavaram"
"4732","745","28","Chinturu"
"4733","745","28","Vararamachandrapuram"
"4734","748","28","Velairpadu"
"4735","748","28","Kukunoor"
"4736","690","36","Burgampahad"
"4737","690","36","Palvoncha"
"4738","690","36","Kothagudem"
"4739","690","36","Tekulapalli"
"4740","690","36","Yellandu"
"4741","690","36","Gundala"
"4742","688","36","Bayyaram"
"4743","688","36","Garla"
"4744","509","36","Singareni"
"4745","509","36","Kamepalli"
"4746","690","36","Julurpadu"
"4747","690","36","Chandrugonda"
"4748","690","36","Mulkalapally"
"4749","690","36","Aswaraopeta"
"4750","690","36","Dammapeta"
"4751","509","36","Sathupalli"
"4752","509","36","Penuballi"
"4753","509","36","Enkoor"
"4754","509","36","Tirumalayapalem"
"4755","509","36","Kusumanchi"
"4756","509","36","Khammam (Rural)"
"4757","509","36","Raghunadhapalem"
"4758","509","36","Mudigonda"
"4759","509","36","Nelakondapalli"
"4760","509","36","Chinthakani"
"4761","509","36","Konijerla"
"4762","509","36","Thallada"
"4763","509","36","Kalluru"
"4764","509","36","Wyra"
"4765","509","36","Bonakal"
"4766","509","36","Madhira"
"4767","509","36","Yerrupalem"
"4768","509","36","Vemsoor"
"4769","743","28","Veeraghattam"
"4770","743","28","Seethampeta"
"4771","743","28","Bhamini"
"4772","519","28","Kothuru"
"4773","519","28","Pathapatnam"
"4774","519","28","Meliaputti"
"4775","519","28","Palasa"
"4776","519","28","Mandasa"
"4777","519","28","Kanchili"
"4778","519","28","Ichchapuram"
"4779","519","28","Kaviti"
"4780","519","28","Sompeta"
"4781","519","28","Vajrapukotturu"
"4782","519","28","Nandigam"
"4783","519","28","Hiramandalam"
"4784","743","28","Palakonda"
"4785","521","28","Vangara"
"4786","521","28","Regidi Amadalavalasa"
"4787","519","28","Laxminarasupeta"
"4788","519","28","Saravakota"
"4789","519","28","Tekkali"
"4790","519","28","Santhabommali"
"4791","519","28","Kotabommali"
"4792","519","28","Jalumuru"
"4793","519","28","Sarubujjili"
"4794","519","28","Burja"
"4795","521","28","Santhakaviti"
"4796","521","28","Rajam"
"4797","519","28","Ganguvarisigadam"
"4798","519","28","Amadalavalasa"
"4799","519","28","Narasannapeta"
"4800","519","28","Polaki"
"4801","519","28","Gara"
"4802","519","28","Srikakulam"
"4803","519","28","Ponduru"
"4804","519","28","Laveru"
"4805","519","28","Ranastalam"
"4806","519","28","Etcherla"
"4807","743","28","Komarada"
"4808","743","28","Gummalakshmipuram"
"4809","743","28","Kurupam"
"4810","743","28","Jiyyammavalasa"
"4811","743","28","Garugubilli"
"4812","743","28","Parvathipuram"
"4813","743","28","Makkuva"
"4814","743","28","Seethanagaram"
"4815","743","28","Balijipeta"
"4816","521","28","Bobbili"
"4817","743","28","Salur"
"4818","743","28","Pachipenta"
"4819","521","28","Ramabhadrapuram"
"4820","521","28","Badangi"
"4821","521","28","Therlam"
"4822","521","28","Merakamudidam"
"4823","521","28","Dattirajeru"
"4824","521","28","Mentada"
"4825","521","28","Gajapathinagaram"
"4826","521","28","Garividi"
"4827","521","28","Cheepurupalle"
"4828","521","28","Gurla"
"4829","521","28","Bondapalli"
"4830","521","28","Gantyada"
"4831","521","28","Srungavarapukota"
"4832","521","28","Vepada"
"4833","521","28","Lakkavarapukota"
"4834","521","28","Kothavalasa"
"4835","521","28","Jami"
"4836","521","28","Vizianagaram"
"4837","521","28","Nellimarla"
"4838","521","28","Poosapatirega"
"4839","521","28","Denkada"
"4840","521","28","Bhogapuram"
"4841","745","28","Munchingi Puttu"
"4842","745","28","Peda Bayalu"
"4843","745","28","Dumbriguda"
"4844","745","28","Araku Valley"
"4845","745","28","Ananthagiri"
"4846","745","28","Hukumpeta"
"4847","745","28","Paderu"
"4848","745","28","G.Madugula"
"4849","745","28","Chinthapalli"
"4850","745","28","Gudem Kotha Veedhi"
"4851","745","28","Koyyuru"
"4852","744","28","Nathavaram"
"4853","744","28","Golugonda"
"4854","744","28","Narsipatnam"
"4855","744","28","Rolugunta"
"4856","744","28","Ravikamatham"
"4857","744","28","Madugula"
"4858","744","28","Cheedikada"
"4859","744","28","Devarapalli"
"4860","744","28","K.Kotapadu"
"4861","744","28","Sabbavaram"
"4862","520","28","Pendurthi"
"4863","520","28","Anandapuram"
"4864","520","28","Padmanabham"
"4865","520","28","Bheemunipatnam"
"4866","520","28","Visakhapatnam (Rural)"
"4868","520","28","Pedagantyada"
"4869","520","28","Gajuwaka"
"4870","744","28","Paravada"
"4871","744","28","Anakapalli"
"4872","744","28","Chodavaram"
"4873","744","28","Butchayyapeta"
"4874","744","28","Kotauratla"
"4875","744","28","Makavarapalem"
"4876","744","28","Kasimkota"
"4877","744","28","Munagapaka"
"4878","744","28","Atchuthapuram"
"4879","744","28","Yelamanchili"
"4880","744","28","Nakkapalli"
"4881","744","28","Payakaraopeta"
"4882","744","28","S.Rayavaram"
"4883","744","28","Rambilli"
"4884","745","28","Maredumilli"
"4885","745","28","Devipatnam"
"4886","745","28","Y. Ramavaram"
"4887","745","28","Addateegala"
"4888","745","28","Rajavommangi"
"4889","746","28","Kotananduru"
"4890","746","28","Tuni"
"4891","746","28","Rowthulapudi"
"4892","746","28","Sankhavaram"
"4893","746","28","Yeleswaram"
"4894","745","28","Gangavaram"
"4895","745","28","Rampachodavaram"
"4896","505","28","Seethanagaram"
"4897","505","28","Gokavaram"
"4898","746","28","Jaggampeta"
"4899","746","28","Kirlampudi"
"4900","746","28","Prathipadu"
"4901","746","28","Thondangi"
"4902","746","28","Gollaprolu"
"4903","746","28","Peddapuram"
"4904","746","28","Gandepalli"
"4905","505","28","Korukonda"
"4906","505","28","Rajahmundry (Urban)"
"4907","505","28","Rajamahendravaram Rural"
"4908","505","28","Rajanagaram"
"4909","505","28","Rangampeta"
"4910","746","28","Samalkota"
"4911","746","28","Pithapuram"
"4912","746","28","U.Kothapalli"
"4913","746","28","Kakinada (Rural)"
"4914","746","28","Kakinada (Urban)"
"4915","746","28","Pedapudi"
"4916","505","28","Biccavolu"
"4917","505","28","Anaparthi"
"4918","505","28","Kadiam"
"4919","747","28","Atreyapuram"
"4920","747","28","Mandapeta"
"4921","747","28","Rayavaram"
"4922","746","28","Karapa"
"4923","746","28","Kajuluru"
"4924","747","28","Ramachandrapuram"
"4925","747","28","Alamuru"
"4926","747","28","Ravulapalem"
"4927","747","28","Kothapeta"
"4928","747","28","Kapileswarapuram"
"4929","747","28","K Gangavaram"
"4930","746","28","Tallarevu"
"4931","747","28","I. Polavaram"
"4932","747","28","Mummidivaram"
"4933","747","28","Ainavilli"
"4934","747","28","P.Gannavaram"
"4935","747","28","Ambajipeta"
"4936","747","28","Mamidikuduru"
"4937","747","28","Razole"
"4938","747","28","Malikipuram"
"4939","747","28","Sakhinetipalli"
"4940","747","28","Allavaram"
"4941","747","28","Amalapuram"
"4942","747","28","Uppalaguptam"
"4943","747","28","Katrenikona"
"4944","748","28","Chintalapudi"
"4945","748","28","Lingapalem"
"4946","748","28","T.Narasapuram"
"4947","748","28","Jeelugu Milli"
"4948","748","28","Buttayagudem"
"4949","748","28","Polavaram"
"4950","505","28","Tallapudi"
"4951","505","28","Gopalapuram"
"4952","748","28","Koyyalagudem"
"4953","748","28","Jangareddigudem"
"4954","748","28","Kamavarapukota"
"4955","748","28","Dwarakatirumala"
"4956","505","28","Nallajerla"
"4957","505","28","Devarapalle"
"4958","505","28","Kovvur"
"4959","505","28","Chagallu"
"4960","505","28","Nidadavole"
"4961","523","28","Tadepalligudem"
"4962","748","28","Unguturu"
"4963","748","28","Bheemadole"
"4964","748","28","Pedavegi"
"4965","748","28","Pedapadu"
"4966","748","28","Eluru"
"4967","748","28","Denduluru"
"4968","748","28","Nidamarru"
"4969","523","28","Pentapadu"
"4970","505","28","Undrajavaram"
"4971","505","28","Peravali"
"4972","523","28","Tanuku"
"4973","523","28","Attili"
"4974","748","28","Ganapavaram"
"4975","523","28","Akividu"
"4976","523","28","Undi"
"4977","523","28","Palacoderu"
"4978","523","28","Penumantra"
"4979","523","28","Iragavaram"
"4980","523","28","Penugonda"
"4981","523","28","Achanta"
"4982","523","28","Poduru"
"4983","523","28","Veeravasaram"
"4984","523","28","Bhimavaram"
"4985","523","28","Kalla"
"4986","523","28","Mogalthur"
"4987","523","28","Narasapuram"
"4988","523","28","Palacole"
"4989","523","28","Yelamanchili"
"4990","749","28","Vatsavai"
"4991","749","28","Jaggaiahpeta"
"4992","749","28","Penuganchiprolu"
"4993","749","28","Nandigama"
"4994","749","28","Veerullapadu"
"4995","749","28","Mylavaram"
"4996","749","28","Gampalagudem"
"4997","749","28","Tiruvuru"
"4998","749","28","A.Konduru"
"4999","749","28","Reddigudem"
"5000","749","28","Vissannapeta"
"5001","748","28","Chatrai"
"5002","748","28","Musunuru"
"5003","748","28","Nuzividu"
"5004","510","28","Bapulapadu"
"5005","748","28","Agiripalli"
"5006","749","28","Gaddamanugu Konduru"
"5007","749","28","Kanchikacherla"
"5008","749","28","Chandarlapadu"
"5009","749","28","Ibrahimpatnam"
"5010","749","28","Vijayawada (Urban)"
"5011","749","28","Vijayawada (Rural)"
"5012","510","28","Gannavaram"
"5013","510","28","Unguturu"
"5014","510","28","Nandivada"
"5015","748","28","Mandavalli"
"5016","748","28","Kaikaluru"
"5017","748","28","Kalidindi"
"5018","510","28","Kruthivennu"
"5019","510","28","Bantumilli"
"5020","748","28","Mudinepalle"
"5021","510","28","Gudivada"
"5022","510","28","Pedaparupudi"
"5023","510","28","Kankipadu"
"5024","510","28","Penamaluru"
"5025","510","28","Thotlavalluru"
"5026","510","28","Pamidimukkala"
"5027","510","28","Vuyyuru"
"5028","510","28","Pamarru"
"5029","510","28","Gudlavalleru"
"5030","510","28","Pedana"
"5031","510","28","Guduru"
"5032","510","28","Movva"
"5033","510","28","Ghantasala"
"5034","510","28","Machilipatnam"
"5035","510","28","Challapalli"
"5036","510","28","Mopidevi"
"5037","510","28","Avanigadda"
"5038","510","28","Nagayalanka"
"5039","510","28","Koduru"
"5040","751","28","Macherla"
"5041","751","28","Veldurthy"
"5042","751","28","Durgi"
"5043","751","28","Rentachintala"
"5044","751","28","Gurajala"
"5045","751","28","Dachepalli"
"5046","751","28","Karempudi"
"5047","751","28","Piduguralla"
"5048","751","28","Machavaram"
"5049","751","28","Bellamkonda"
"5050","751","28","Atchampet"
"5051","751","28","Krosuru"
"5052","751","28","Amaravathi"
"5053","506","28","Thulluru"
"5054","506","28","Tadepalle"
"5055","506","28","Mangalagiri"
"5056","506","28","Tadikonda"
"5057","751","28","Pedakurapadu"
"5058","751","28","Sattenapalli"
"5059","751","28","Rajupalem"
"5060","751","28","Nekarikallu"
"5061","751","28","Bollapalli"
"5062","751","28","Vinukonda"
"5063","751","28","Nuzendla"
"5064","751","28","Savalyapuram H/O Kanamarlapudi"
"5065","751","28","Ipuru"
"5066","751","28","Rompicharla"
"5067","751","28","Narasaraopet"
"5068","751","28","Muppalla"
"5069","751","28","Nadendla"
"5070","751","28","Chilakaluripet H/O.Purushotha Patnam"
"5071","751","28","Edlapadu"
"5072","506","28","Phirangipuram"
"5073","506","28","Medikonduru"
"5074","506","28","Guntur West"
"5075","506","28","Pedakakani"
"5076","506","28","Duggirala"
"5077","506","28","Kollipara"
"5078","506","28","Tenali"
"5079","506","28","Chebrolu"
"5080","506","28","Vatticherukuru"
"5081","506","28","Prathipadu"
"5082","506","28","Pedanandipadu"
"5083","506","28","Kakumanu"
"5084","506","28","Ponnur"
"5085","750","28","Tsunduru"
"5086","750","28","Amarthalur"
"5087","750","28","Vemuru"
"5088","750","28","Kolluru"
"5089","750","28","Bhattiprolu"
"5090","750","28","Cherukupalli"
"5091","750","28","Pittalavanipalem"
"5092","750","28","Karlapalem"
"5093","750","28","Bapatla"
"5094","750","28","Nizampatnam"
"5095","750","28","Nagaram"
"5096","750","28","Repalle"
"5097","517","28","Yerragondapalem"
"5098","517","28","Pullalacheruvu"
"5099","517","28","Tripuranthakam"
"5100","517","28","Dornala"
"5101","517","28","Peddaaraveedu"
"5102","517","28","Donakonda"
"5103","517","28","Kurichedu"
"5104","750","28","Santhamaguluru"
"5105","750","28","Ballikurava"
"5106","750","28","Martur"
"5107","750","28","Yeddana Pudi"
"5108","750","28","Parchur"
"5109","750","28","Karamchedu"
"5110","750","28","Inkollu"
"5111","750","28","J.Pangulur"
"5112","750","28","Addanki"
"5113","517","28","Mundlamuru"
"5114","517","28","Darsi"
"5115","517","28","Markapuram"
"5116","517","28","Ardhaveedu"
"5117","517","28","Cumbum"
"5118","517","28","Tarlupadu"
"5119","517","28","Konakanamitla"
"5120","517","28","Podili"
"5121","517","28","Thallur"
"5122","750","28","Korisapadu"
"5123","750","28","Chirala"
"5124","750","28","Vetapalem"
"5125","750","28","Chinaganjam"
"5126","517","28","Naguluppala Padu"
"5127","517","28","Maddipadu"
"5128","517","28","Chimakurthy"
"5129","517","28","Marripudi"
"5130","517","28","Hanumanthuni Padu"
"5131","517","28","Bestavaripeta"
"5132","517","28","Racherla"
"5133","517","28","Giddalur"
"5134","517","28","Komarolu"
"5135","517","28","Veligandla"
"5136","517","28","Kanigiri"
"5137","517","28","Kondapi"
"5138","517","28","Santhanuthala Padu"
"5139","517","28","Ongole"
"5140","517","28","Kotha Patnam"
"5141","517","28","Tangutur"
"5142","517","28","Zarugumalli"
"5143","517","28","Ponnaluru"
"5144","517","28","Pedacherlo Palle"
"5145","517","28","Chandra Sekhara Puram"
"5146","517","28","Pamur"
"5147","515","28","Voletivaripalem"
"5148","515","28","Kandukuru"
"5149","517","28","Singarayakonda"
"5150","515","28","Lingasamudram"
"5151","515","28","Gudluru"
"5152","515","28","Ulavapadu"
"5153","515","28","Seetharamapuram"
"5154","515","28","Udayagiri"
"5155","515","28","Varikuntapadu"
"5156","515","28","Kondapuram"
"5157","515","28","Jaladanki"
"5158","515","28","Kavali"
"5159","515","28","Bogole"
"5160","515","28","Kaligiri"
"5161","515","28","Vinjamur"
"5162","515","28","Duttalur"
"5163","515","28","Marripadu"
"5164","515","28","Atmakur"
"5165","515","28","Anumasamudrampeta"
"5166","515","28","Dagadarthi"
"5167","515","28","Allur"
"5168","515","28","Vidavalur"
"5169","515","28","Kodavalur"
"5170","515","28","Buchireddipalem"
"5171","515","28","Sangam"
"5172","515","28","Chejerla"
"5173","515","28","Ananthasagaram"
"5174","515","28","Kaluvoya"
"5175","515","28","Rapur"
"5176","515","28","Podalakur"
"5177","515","28","Nellore Rural"
"5178","515","28","Kovur"
"5179","515","28","Indukurpet"
"5180","515","28","Thotapalligudur"
"5181","515","28","Muthukur"
"5182","515","28","Venkatachalam"
"5183","515","28","Manubolu"
"5184","752","28","Gudur"
"5185","515","28","Sydapuram"
"5186","752","28","Dakkili"
"5187","752","28","Venkatagiri"
"5188","752","28","Balayapalli"
"5189","752","28","Ozili"
"5190","752","28","Chillakur"
"5191","752","28","Kota"
"5192","752","28","Vakadu"
"5193","752","28","Chittamur"
"5194","752","28","Naidupet"
"5195","752","28","Pellakur"
"5196","752","28","Doravarisatram"
"5197","752","28","Sullurpeta"
"5198","752","28","Tada"
"5199","504","28","Kondapuram"
"5200","504","28","Mylavaram"
"5201","504","28","Peddamudiam"
"5202","504","28","Rajupalem"
"5203","504","28","Duvvur"
"5204","504","28","S.Mydukur"
"5205","504","28","Brahmamgarimattam"
"5206","504","28","Sri Avadhutha Kasinayana"
"5207","504","28","Kalasapadu"
"5208","504","28","Porumamilla"
"5209","504","28","B.Kodur"
"5210","504","28","Badvel"
"5211","504","28","Gopavaram"
"5212","504","28","Khajipeta"
"5213","504","28","Chapad"
"5214","504","28","Proddutur"
"5215","504","28","Jammalamadugu"
"5216","504","28","Muddanur"
"5217","504","28","Simhadripuram"
"5218","504","28","Lingala"
"5219","504","28","Pulivendula"
"5220","504","28","Vemula"
"5221","504","28","Thondur"
"5222","504","28","Veerapunayunipalle"
"5223","504","28","Yerraguntla"
"5224","504","28","Kamalapuram"
"5225","504","28","Vallur"
"5226","504","28","Chennur"
"5227","504","28","Atlur"
"5228","504","28","Vontimitta"
"5229","504","28","Sidhout"
"5230","504","28","Kadapa"
"5231","504","28","Chinthakommadinne"
"5232","504","28","Pendlimarry"
"5233","504","28","Vempalli"
"5234","504","28","Chakrayapet"
"5235","753","28","Galiveedu"
"5236","753","28","Chinnamandem"
"5237","753","28","Sambepalle"
"5238","753","28","T.Sundupalle"
"5239","753","28","Rayachoti"
"5240","753","28","Lakkireddipalli"
"5241","753","28","Ramapuram"
"5242","753","28","Veeraballe"
"5243","753","28","Nandalur"
"5244","753","28","Penagalur"
"5245","753","28","Chitvel"
"5246","753","28","Rajampet"
"5247","753","28","Pullampeta"
"5248","753","28","Obulavaripalle"
"5249","753","28","Kodur"
"5250","511","28","Mantralayam"
"5251","511","28","Kosigi"
"5252","511","28","Kowthalam"
"5253","511","28","Pedda Kadubur"
"5254","511","28","Yemmiganur"
"5255","511","28","Nandavaram"
"5256","511","28","C.Belagal"
"5257","511","28","Gudur"
"5258","511","28","Kallur"
"5259","511","28","Kurnool Rural"
"5260","755","28","Nandikotkur"
"5261","755","28","Pagidyala"
"5262","755","28","Jupadu Bunglow"
"5263","755","28","Kothapalle"
"5265","755","28","Atmakur"
"5266","755","28","Pamulapadu"
"5267","755","28","Midthur"
"5268","511","28","Orvakal"
"5269","511","28","Kodumur"
"5270","511","28","Gonegandla"
"5271","511","28","Adoni"
"5272","511","28","Holagunda"
"5273","511","28","Halaharvi"
"5274","511","28","Alur"
"5275","511","28","Aspari"
"5276","511","28","Devanakonda"
"5277","511","28","Krishnagiri"
"5278","511","28","Veldurthi"
"5279","755","28","Bethamcherla"
"5280","755","28","Panyam"
"5281","755","28","Gadivemula"
"5282","755","28","Velugodu"
"5283","755","28","Bandi Atmakur"
"5284","755","28","Nandyal"
"5285","755","28","Mahanandi"
"5286","755","28","Sirvel"
"5287","755","28","Gospadu"
"5288","755","28","Banaganapalli"
"5289","755","28","Dhone"
"5290","511","28","Pattikonda"
"5291","511","28","Chippagiri"
"5292","511","28","Maddikera (East)"
"5293","511","28","Tuggali"
"5294","755","28","Peapully"
"5295","755","28","Owk"
"5296","755","28","Koilakuntla"
"5297","755","28","Rudravaram"
"5298","755","28","Allagadda"
"5299","755","28","Dornipadu"
"5300","755","28","Sanjamala"
"5301","755","28","Kolimigundla"
"5302","755","28","Uyyalawada"
"5303","755","28","Chagalamarri"
"5304","502","28","D.Hirehal"
"5305","502","28","Rayadurg"
"5306","502","28","Kanekal"
"5307","502","28","Bommanahal"
"5308","502","28","Vidapanakal"
"5309","502","28","Guntakal"
"5310","502","28","Gooty"
"5311","502","28","Peddavadugur"
"5312","502","28","Yadiki"
"5313","502","28","Tadpatri"
"5314","502","28","Peddapappur"
"5315","502","28","Pamidi"
"5316","502","28","Vajrakarur"
"5317","502","28","Uravakonda"
"5318","502","28","Beluguppa"
"5319","502","28","Gummagatta"
"5320","502","28","Brahmasamudram"
"5321","502","28","Kalyandurg"
"5322","502","28","Atmakur"
"5323","502","28","Kudair"
"5324","502","28","Garladinne"
"5325","502","28","Singanamala"
"5326","502","28","Putlur"
"5327","502","28","Yellanur"
"5328","502","28","Narpala"
"5329","502","28","Bukkaraya Samudram"
"5330","502","28","Anantapur"
"5331","502","28","Raptadu"
"5332","502","28","Settur"
"5333","502","28","Kundurpi"
"5334","502","28","Kambadur"
"5335","754","28","Kanaganipalli"
"5336","754","28","Dharmavaram"
"5337","754","28","Bathalapalli"
"5338","754","28","Tadimarri"
"5339","754","28","Mudigubba"
"5340","754","28","Talupula"
"5341","754","28","Nambulapulakunta"
"5342","754","28","Gandlapenta"
"5343","754","28","Kadiri"
"5344","754","28","Nallamada"
"5345","754","28","Bukkapatnam"
"5346","754","28","Kothacheruvu"
"5347","754","28","Chennekothapalli"
"5348","754","28","Ramagiri"
"5349","754","28","Roddam"
"5350","754","28","Madakasira"
"5351","754","28","Amarapuram"
"5352","754","28","Gudibanda"
"5353","754","28","Rolla"
"5354","754","28","Agali"
"5355","754","28","Parigi"
"5356","754","28","Penukonda"
"5357","754","28","Puttaparthy"
"5358","754","28","Obuladevaracheruvu"
"5359","754","28","Nallachervu"
"5360","754","28","Tanakal"
"5361","754","28","Amadagur"
"5362","754","28","Gorantla"
"5363","754","28","Somandepalli"
"5364","754","28","Hindupur"
"5365","754","28","Lepakshi"
"5366","754","28","Chilamathur"
"5367","753","28","Mulakalacheruvu"
"5368","753","28","Thamballapalle"
"5369","753","28","Peddamandyam"
"5370","753","28","Gurramkonda"
"5371","753","28","Kalakada"
"5372","753","28","Kambhamvaripalle"
"5373","503","28","Rompicherla"
"5374","752","28","Yerravaripalem"
"5375","752","28","Tirupati (Rural)"
"5376","752","28","Renigunta"
"5377","752","28","Yerpedu"
"5378","752","28","Srikalahasti"
"5379","752","28","Thottambedu"
"5380","752","28","Buchinaidu Kandriga"
"5381","752","28","Varadaiahpalem"
"5382","752","28","Kumara Venkata Bhupala Puram"
"5383","752","28","Tirupati (Urban)"
"5384","752","28","Chandragiri"
"5385","752","28","Chinnagottigallu"
"5386","753","28","Pileru"
"5387","753","28","Kalikiri"
"5388","753","28","Valmikipuram"
"5389","753","28","Kurabalakota"
"5390","753","28","Pedda Thippasamudram"
"5391","753","28","Beerongi Kothakota"
"5392","753","28","Madanapalle"
"5393","753","28","Nimmanapalle"
"5394","503","28","Sodam"
"5395","503","28","Pulicherla"
"5396","752","28","Pakala"
"5397","503","28","Vedurukuppam"
"5398","752","28","Ramachandrapuram"
"5399","752","28","Vadamalapet"
"5400","752","28","Narayanavanam"
"5401","752","28","Pichatur"
"5402","752","28","Satyavedu"
"5403","752","28","Nagalapuram"
"5404","503","28","Nindra"
"5405","503","28","Vijayapuram"
"5406","503","28","Nagari"
"5407","752","28","Puttur"
"5408","503","28","Karvetinagar"
"5409","503","28","Penumur"
"5410","503","28","Puthalapattu"
"5411","503","28","Irala"
"5412","503","28","Somala"
"5413","503","28","Chowdepalle"
"5414","753","28","Ramasamudram"
"5415","503","28","Punganuru"
"5416","503","28","Peddapanjani"
"5417","503","28","Gangavaram"
"5418","503","28","Thavanampalle"
"5419","503","28","Srirangarajapuram"
"5420","503","28","Gangadhara Nellore"
"5421","503","28","Chittoor"
"5422","503","28","Palamaner"
"5423","503","28","Baireddipalle"
"5424","503","28","Venkatagirikota"
"5425","503","28","Santhipuram"
"5426","503","28","Gudupalle"
"5427","503","28","Kuppam"
"5428","503","28","Ramakuppam"
"5429","503","28","Bangarupalem"
"5430","503","28","Yadamarri"
"5431","503","28","Gudipala"
"5432","503","28","Palasamudram"
"5433","527","29","Chikodi"
"5434","527","29","Athni"
"5435","527","29","Raybag"
"5436","527","29","Gokak"
"5437","527","29","Hukeri"
"5438","527","29","Belagavi"
"5439","527","29","Khanapur"
"5440","527","29","Bailahongala"
"5441","527","29","Savadatti"
"5442","527","29","Ramdurg"
"5443","524","29","Jamkhandi"
"5444","524","29","Bilgi"
"5445","524","29","Mudhol"
"5446","524","29","Badami"
"5447","524","29","Bagalkot"
"5448","524","29","Hungund"
"5449","530","29","Vijayapura"
"5450","530","29","Indi"
"5451","530","29","Sindgi"
"5452","530","29","Basavana Bagevadi"
"5453","530","29","Muddebihal"
"5454","529","29","Basavakalyan"
"5455","529","29","Bhalki"
"5456","529","29","Aurad"
"5457","529","29","Bidar"
"5458","529","29","Homnabad"
"5459","546","29","Lingsugur"
"5460","546","29","Devadurga"
"5461","546","29","Raichur"
"5462","546","29","Manvi"
"5463","546","29","Sindhnur"
"5464","543","29","Yelbarga"
"5465","543","29","Kushtagi"
"5466","543","29","Gangawati"
"5467","543","29","Koppal"
"5468","537","29","Nargund"
"5469","537","29","Ron"
"5470","537","29","Gadag"
"5471","537","29","Shirhatti"
"5472","537","29","Mundargi"
"5473","536","29","Dharwad"
"5474","536","29","Navalgund"
"5475","536","29","Hubballi"
"5476","536","29","Kalghatgi"
"5477","536","29","Kundgol"
"5478","550","29","Karwar"
"5479","550","29","Supa"
"5480","550","29","Haliyal"
"5481","550","29","Yellapur"
"5482","550","29","Mundgod"
"5483","550","29","Sirsi"
"5484","550","29","Ankola"
"5485","550","29","Kumta"
"5486","550","29","Siddapur"
"5487","550","29","Honavar"
"5488","550","29","Bhatkal"
"5489","540","29","Shiggaon"
"5490","540","29","Savanur"
"5491","540","29","Hangal"
"5492","540","29","Haveri"
"5493","540","29","Byadgi"
"5494","540","29","Hirekerur"
"5495","540","29","Ranibennur"
"5496","738","29","Hadagalli"
"5497","738","29","Hagaribommanahalli"
"5498","738","29","Hosapete"
"5499","528","29","Siruguppa"
"5500","528","29","Ballari"
"5501","528","29","Sandur"
"5502","738","29","Kudligi"
"5503","533","29","Molakalmuru"
"5504","533","29","Challakere"
"5505","533","29","Chitradurga"
"5506","533","29","Holalkere"
"5507","533","29","Hosdurga"
"5508","533","29","Hiriyur"
"5509","535","29","Harihar"
"5510","738","29","Harapanahalli"
"5511","535","29","Jagalur"
"5512","535","29","Davanagere"
"5513","535","29","Honnali"
"5514","535","29","Channagiri"
"5515","547","29","Sagar"
"5516","547","29","Sorab"
"5517","547","29","Shikarpur"
"5518","547","29","Hosanagara"
"5519","547","29","Tirthahalli"
"5520","547","29","Shivamogga"
"5521","547","29","Bhadravati"
"5522","549","29","Kundapura"
"5523","549","29","Udupi"
"5524","549","29","Karkal"
"5525","532","29","Sringeri"
"5526","532","29","Koppa"
"5527","532","29","Narasimharajapura"
"5528","532","29","Tarikere"
"5529","532","29","Kadur"
"5530","532","29","Chikkamagaluru"
"5531","532","29","Mudigere"
"5532","548","29","Chiknayakanhalli"
"5533","548","29","Sira"
"5534","548","29","Pavagada"
"5535","548","29","Madhugiri"
"5536","548","29","Koratagere"
"5537","548","29","Tumakuru"
"5538","548","29","Gubbi"
"5539","548","29","Tiptur"
"5540","548","29","Turuvekere"
"5541","548","29","Kunigal"
"5542","525","29","Bengaluru North"
"5543","525","29","Bengaluru South"
"5544","525","29","Bengaluru East"
"5545","525","29","Anekal"
"5546","544","29","Krishnarajpet"
"5547","544","29","Nagamangala"
"5548","544","29","Pandavapura"
"5549","544","29","Shrirangapattana"
"5550","544","29","Mandya"
"5551","544","29","Maddur"
"5552","544","29","Malavalli"
"5553","539","29","Sakleshpur"
"5554","539","29","Belur"
"5555","539","29","Arsikere"
"5556","539","29","Hassan"
"5557","539","29","Alur"
"5558","539","29","Arkalgud"
"5559","539","29","Hole Narsipur"
"5560","539","29","Channarayapatna"
"5561","534","29","Mangaluru"
"5562","534","29","Bantval"
"5563","534","29","Beltangadi"
"5564","534","29","Puttur"
"5565","534","29","Sulya"
"5566","541","29","Madikeri"
"5567","541","29","Somvarpet"
"5568","541","29","Virajpet"
"5569","545","29","Piriyapatna"
"5570","545","29","Hunsur"
"5571","545","29","Krishnarajanagara"
"5572","545","29","Mysuru"
"5573","545","29","Heggadadevankote"
"5574","545","29","Nanjangud"
"5575","545","29","Tirumakudal - Narsipur"
"5576","531","29","Gundlupet"
"5577","531","29","Chamarajanagar"
"5578","531","29","Yelandur"
"5579","531","29","Kollegal"
"5580","538","29","Aland"
"5581","538","29","Afzalpur"
"5582","538","29","Kalaburagi"
"5583","538","29","Chincholi"
"5584","538","29","Sedam"
"5585","538","29","Chittapur"
"5586","538","29","Jevargi"
"5587","635","29","Shorapur"
"5588","635","29","Shahpur"
"5589","635","29","Yadgir"
"5590","542","29","Srinivaspur"
"5591","542","29","Kolar"
"5592","542","29","Malur"
"5593","542","29","Bangarapet"
"5594","542","29","Mulbagal"
"5595","630","29","Gauribidanur"
"5596","630","29","Chikkaballapura"
"5597","630","29","Gudibanda"
"5598","630","29","Bagepalli"
"5599","630","29","Sidlaghatta"
"5600","630","29","Chintamani"
"5601","526","29","Nelamangala"
"5602","526","29","Dodda Ballapur"
"5603","526","29","Devanahalli"
"5604","526","29","Hosakote"
"5605","631","29","Magadi"
"5606","631","29","Ramanagara"
"5607","631","29","Channapatna"
"5608","631","29","Kanakapura"
"5609","551","30","Pernem"
"5610","551","30","Bardez"
"5611","551","30","Tiswadi"
"5612","551","30","Bicholim"
"5613","551","30","Satari"
"5614","552","30","Ponda"
"5615","552","30","Mormugao"
"5616","552","30","Salcete"
"5617","552","30","Quepem"
"5618","552","30","Sanguem"
"5619","552","30","Canacona"
"5620","553","31","Amini"
"5621","553","31","Bitra"
"5622","553","31","Chetlat"
"5623","553","31","Kiltan"
"5624","553","31","Kadmat"
"5625","553","31","Kavaratti"
"5626","553","31","Agatti"
"5627","553","31","Andrott"
"5628","553","31","Kalpeni"
"5629","553","31","Minicoy"
"5630","558","32","Kasaragod"
"5631","558","32","Hosdurg"
"5632","557","32","Taliparamba"
"5633","557","32","Kannur"
"5634","557","32","Thalassery"
"5635","567","32","Mananthavady"
"5636","567","32","Sulthanbathery"
"5637","567","32","Vythiri"
"5638","561","32","Vatakara"
"5639","561","32","Koyilandi"
"5640","561","32","Kozhikode"
"5641","562","32","Ernad"
"5642","562","32","Nilambur"
"5643","562","32","Perinthalmanna"
"5644","562","32","Tirur"
"5645","562","32","Tirurangadi"
"5646","562","32","Ponnani"
"5647","563","32","Ottappalam"
"5648","563","32","Mannarkad"
"5649","563","32","Palakkad"
"5650","563","32","Chittur"
"5651","563","32","Alathur"
"5652","566","32","Talappilly"
"5653","566","32","Chavakkad"
"5654","566","32","Thrissur"
"5655","566","32","Kodungallur"
"5656","566","32","Mukundapuram"
"5657","555","32","Kunnathunad"
"5658","555","32","Aluva"
"5659","555","32","Paravur"
"5660","555","32","Kochi"
"5661","555","32","Kanayannur"
"5662","555","32","Muvattupuzha"
"5663","555","32","Kothamangalam"
"5664","556","32","Devikulam"
"5665","556","32","Udumbanchola"
"5666","556","32","Thodupuzha"
"5667","556","32","Peerumade"
"5668","560","32","Meenachil"
"5669","560","32","Vaikom"
"5670","560","32","Kottayam"
"5671","560","32","Changanassery"
"5672","560","32","Kanjirappally"
"5673","554","32","Cherthala"
"5674","554","32","Ambalappuzha"
"5675","554","32","Kuttanad"
"5676","554","32","Karthikappally"
"5677","554","32","Chengannur"
"5678","554","32","Mavelikkara"
"5679","564","32","Thiruvalla"
"5680","564","32","Mallappally"
"5681","564","32","Ranni"
"5682","564","32","Kozhenchery"
"5683","564","32","Adoor"
"5684","559","32","Karunagappally"
"5685","559","32","Kunnathur"
"5686","559","32","Pathanapuram"
"5687","559","32","Kottarakkara"
"5688","559","32","Kollam"
"5689","565","32","Chirayinkeezhu"
"5690","565","32","Nedumangad"
"5691","565","32","Thiruvananthapuram"
"5692","565","32","Neyyattinkara"
"5693","589","33","Gummidipoondi"
"5694","589","33","Ponneri"
"5695","589","33","Uthukkottai"
"5696","589","33","Tiruttani"
"5697","589","33","Pallipattu"
"5698","589","33","Thiruvallur"
"5699","589","33","Poonamallee"
"5700","568","33","Ambattur"
"5701","568","33","Mathavaram"
"5702","574","33","Sriperumbudur"
"5703","730","33","Tambaram"
"5704","568","33","Alandur"
"5705","568","33","Sholinganallur"
"5706","730","33","Chengalpattu"
"5707","574","33","Kancheepuram"
"5708","574","33","Uthiramerur"
"5709","730","33","Tirukalukundram"
"5710","730","33","Maduranthakam"
"5711","730","33","Cheyyur"
"5712","595","33","Gudiyatham"
"5713","595","33","Katpadi"
"5714","731","33","Wallajah"
"5715","731","33","Arakonam"
"5716","731","33","Arcot"
"5717","595","33","Vellore"
"5718","732","33","Vaniyambadi"
"5719","732","33","Ambur"
"5720","732","33","Tirupathur"
"5721","593","33","Arani"
"5722","593","33","Cheyyar"
"5723","593","33","Vandavasi"
"5724","593","33","Polur"
"5725","593","33","Chengam"
"5726","593","33","Thandrampet"
"5727","593","33","Tiruvannamalai"
"5728","596","33","Gingee"
"5729","596","33","Tindivanam"
"5730","596","33","Vanur"
"5731","596","33","Viluppuram"
"5732","729","33","Tirukkoyilur"
"5733","729","33","Sankarapuram"
"5734","729","33","Kallakkurichi"
"5735","729","33","Ulundurpettai"
"5736","584","33","Mettur"
"5737","584","33","Omalur"
"5738","584","33","Edappadi"
"5739","584","33","Sankari"
"5740","584","33","Salem"
"5741","584","33","Yercaud"
"5742","584","33","Vazhapadi"
"5743","584","33","Attur"
"5744","584","33","Gangavalli"
"5745","580","33","Tiruchengode"
"5746","580","33","Rasipuram"
"5747","580","33","Namakkal"
"5748","580","33","Paramathi-Velur"
"5749","573","33","Sathyamangalam"
"5750","573","33","Bhavani"
"5751","573","33","Gobichettipalayam"
"5752","573","33","Perundurai"
"5753","573","33","Erode"
"5754","587","33","Panthalur"
"5755","587","33","Gudalur"
"5756","587","33","Udhagamandalam"
"5757","587","33","Kotagiri"
"5758","587","33","Coonoor"
"5759","587","33","Kundah"
"5760","572","33","Palani"
"5761","572","33","Oddanchatram"
"5762","572","33","Vedasandur"
"5763","572","33","Natham"
"5766","572","33","Kodaikanal"
"5767","572","33","Nilakkottai"
"5768","576","33","Aravakurichi"
"5769","576","33","Karur"
"5770","576","33","Krishnarayapuram"
"5771","576","33","Kulithalai"
"5772","576","33","Kadavur"
"5773","591","33","Thottiyam"
"5774","591","33","Musiri"
"5775","591","33","Thuraiyur"
"5776","591","33","Manachanallur"
"5777","591","33","Lalgudi"
"5778","591","33","Srirangam"
"5779","591","33","Tiruchirappalli West"
"5780","591","33","Thiruverumbur"
"5781","591","33","Manapparai"
"5785","610","33","Sendurai"
"5786","610","33","Udayarpalayam"
"5787","610","33","Ariyalur"
"5788","570","33","Panruti"
"5789","570","33","Cuddalore"
"5790","570","33","Kurinjipadi"
"5791","570","33","Chidambaram"
"5792","570","33","Kattumannarkoil"
"5793","570","33","Virudhachalam"
"5794","570","33","Tittakudi"
"5795","735","33","Sirkali"
"5796","735","33","Mayiladuthurai"
"5797","735","33","Kuthalam"
"5798","735","33","Tharangambadi"
"5799","579","33","Nagapattinam"
"5800","579","33","Kilvelur"
"5801","579","33","Thirukkuvalai"
"5802","579","33","Vedaranyam"
"5803","590","33","Valangaiman"
"5804","590","33","Kudavasal"
"5805","590","33","Nannilam"
"5806","590","33","Thiruvarur"
"5807","590","33","Needamangalam"
"5808","590","33","Mannargudi"
"5809","590","33","Thiruthuraipoondi"
"5810","586","33","Thiruvidaimarudur"
"5811","586","33","Kumbakonam"
"5812","586","33","Papanasam"
"5813","586","33","Thiruvaiyaru"
"5814","586","33","Thanjavur"
"5815","586","33","Orathanadu"
"5816","586","33","Pattukkottai"
"5817","586","33","Peravurani"
"5818","582","33","Iluppur"
"5819","582","33","Kulathur"
"5820","582","33","Gandarvakkottai"
"5821","582","33","Pudukkottai"
"5822","582","33","Thirumayam"
"5823","582","33","Ponnamaravathi"
"5824","582","33","Alangudi"
"5825","582","33","Karambakudi"
"5826","582","33","Aranthangi"
"5827","582","33","Manamelkudi"
"5828","582","33","Avudayarkoil"
"5829","585","33","Thiruppathur"
"5830","585","33","Karaikkudi"
"5831","585","33","Devakottai"
"5832","585","33","Sivaganga"
"5833","585","33","Manamadurai"
"5834","585","33","Ilayangudi"
"5835","578","33","Melur"
"5836","578","33","Madurai North"
"5837","578","33","Vadipatti"
"5838","578","33","Usilampatti"
"5839","578","33","Peraiyur"
"5840","578","33","Thirumangalam"
"5841","578","33","Madurai South"
"5842","588","33","Bodinayakanur"
"5843","588","33","Periyakulam"
"5844","588","33","Theni"
"5845","588","33","Uthamapalayam"
"5846","588","33","Andipatti"
"5847","597","33","Rajapalayam"
"5848","597","33","Srivilliputhur"
"5849","597","33","Sivakasi"
"5850","597","33","Virudhunagar"
"5851","597","33","Kariapatti"
"5852","597","33","Tiruchuli"
"5853","597","33","Aruppukkottai"
"5854","597","33","Sattur"
"5855","583","33","Tiruvadanai"
"5856","583","33","Paramakudi"
"5857","583","33","Mudukulathur"
"5858","583","33","Kamuthi"
"5859","583","33","Kadaladi"
"5860","583","33","Ramanathapuram"
"5861","583","33","Rameswaram"
"5862","594","33","Kovilpatti"
"5863","594","33","Ettayapuram"
"5864","594","33","Vilathikulam"
"5865","594","33","Ottapidaram"
"5866","594","33","Thoothukkudi"
"5867","594","33","Srivaikuntam"
"5868","594","33","Tiruchendur"
"5869","594","33","Sathankulam"
"5870","733","33","Sivagiri"
"5871","733","33","Sankarankoil"
"5872","733","33","Veerakeralamputhur"
"5873","733","33","Tenkasi"
"5874","733","33","Shenkottai"
"5875","733","33","Alangulam"
"5876","592","33","Tirunelveli"
"5877","592","33","Palayamkottai"
"5878","592","33","Ambasamudram"
"5879","592","33","Nanguneri"
"5880","592","33","Radhapuram"
"5881","575","33","Vilavancode"
"5882","575","33","Kalkulam"
"5883","575","33","Thovala"
"5884","575","33","Agastheeswaram"
"5885","571","33","Palakkodu"
"5886","571","33","Harur"
"5887","571","33","Pappireddipatti"
"5888","571","33","Dharmapuri"
"5889","571","33","Pennagaram"
"5890","577","33","Hosur"
"5891","577","33","Krishnagiri"
"5892","577","33","Denkanikottai"
"5893","577","33","Pochampalli"
"5894","577","33","Uthangarai"
"5895","569","33","Mettupalayam"
"5896","569","33","Sulur"
"5897","569","33","Coimbatore North"
"5898","569","33","Coimbatore South"
"5899","569","33","Pollachi"
"5900","569","33","Valparai"
"5901","634","33","Kangeyam"
"5902","634","33","Dharapuram"
"5903","634","33","Avanashi"
"5905","634","33","Palladam"
"5906","634","33","Udumalaipettai"
"5907","634","33","Madathukulam"
"5908","601","34","Yanam Taluk"
"5909","600","34","Puducherry Taluk"
"5910","600","34","Ozhukarai Taluk"
"5911","600","34","Villianur Taluk"
"5912","600","34","Bahour Taluk"
"5913","599","34","Mahe Taluk"
"5914","598","34","Karaikal Taluk"
"5915","598","34","Thirunallar Taluk"
"5916","603","35","Car Nicobar"
"5917","603","35","Nancowry"
"5918","603","35","Great Nicobar"
"5919","632","35","Diglipur"
"5920","632","35","Mayabunder"
"5921","632","35","Rangat"
"5922","602","35","Ferrargunj"
"5923","602","35","Port Blair"
"5924","602","35","Little Andaman"
"5930","136","9","Manikpur"
"5931","552","30","Dharbandora"
"5932","558","32","Manjeswaram"
"5933","558","32","Vellarikkundu"
"5934","291","18","Rangia Pt"
"5935","616","18","Barama Pt"
"5937","557","32","Iritty"
"5938","561","32","Thamarassery"
"5939","566","32","Chalakkudy"
"5940","563","32","Pattambi"
"5941","562","32","Kondotty"
"5942","556","32","Idukki"
"5943","564","32","Konni"
"5945","565","32","Kattakkada"
"5946","565","32","Varkala"
"5947","559","32","Punalur"
"5951","581","33","Alathur"
"5953","570","33","Veppur"
"5954","591","33","Marungapuri"
"5955","569","33","Annur"
"5956","569","33","Kinathukadavu"
"5957","569","33","Perur"
"5958","730","33","Tiruporur"
"5959","593","33","Kalasapakkam"
"5960","578","33","Madurai East"
"5961","578","33","Madurai West"
"5962","578","33","Thirupparankundram"
"5963","732","33","Natrampalli"
"5964","595","33","Anaicut"
"5965","585","33","Thiruppuvanam"
"5966","586","33","Budalur"
"5967","634","33","Tiruppurnorth"
"5968","634","33","Tiruppursouth"
"5969","573","33","Anthiyur"
"5970","584","33","Salem South"
"5971","584","33","Salem West"
"5973","581","33","Perambalur"
"5974","581","33","Veppanthattai"
"5976","581","33","Kunnam"
"5977","729","33","Chinnasalem"
"5978","596","33","Vikravandi"
"5979","572","33","Dindigulwest"
"5980","572","33","Dindiguleast"
"5981","568","33","Maduravoyal"
"5982","568","33","Tiruvottiyur"
"5983","610","33","Andimadam"
"5984","29","3","Kotakpura"
"5985","576","33","Manmangalam"
"5986","569","33","Madukkari"
"5987","757","13","Chunlikha"
"5988","251","13","Tokiye"
"5989","246","13","Ongpangkong (N)"
"5990","246","13","Tsurangkong"
"5991","248","13","Kikruma"
"5992","248","13","Weziho"
"5993","40","3","Banga"
"5994","572","33","Athoor"
"5995","585","33","Singampunari"
"5996","38","3","Dharamkot"
"6011","31","3","Guruharsahai"
"6012","666","12","Wakka Sdo"
"6013","237","12","Borum"
"6014","285","18","Dhubri"
"6015","285","18","Golakganj Pt"
"6018","285","18","Bilasipara Pt"
"6019","285","18","Chapar Pt"
"6020","668","24","Bodeli"
"6021","451","24","Jotana"
"6022","50","5","Bhagwanpur"
"6023","444","24","Waghai"
"6024","444","24","Subir"
"6025","450","24","Galteshwar"
"6026","102","8","Kishangarh Renwal"
"6027","769","8","Dudu"
"6028","102","8","Kotkhawda"
"6029","452","24","Garudeshwar"
"6030","56","5","Rudrapur"
"6031","462","24","Vapi"
"6032","661","9","Dhaulana"
"6033","94","8","Talera"
"6034","450","24","Vaso"
"6035","461","24","Desar"
"6036","52","5","Chakisain"
"6037","460","24","Thangadh"
"6038","714","14","Khoupum"
"6039","714","14","Haochong"
"6040","103","8","Bhaniyana"
"6042","88","8","Chhoti Sarwan"
"6043","88","8","Sajjangarh"
"6044","104","8","Jaswantpura"
"6045","90","8","Sedwa"
"6046","104","8","Chitalwana"
"6047","107","8","Baori"
"6048","772","8","Bap"
"6049","107","8","Balesar"
"6050","90","8","Dhorimanna"
"6051","107","8","Pipar Shahar"
"6052","775","8","Sindhari"
"6053","97","8","Nangal Rajawatan"
"6054","109","8","Kanwas"
"6055","105","8","Asnawar"
"6057","95","8","Bhopalsagar"
"6058","99","8","Bichiwara"
"6059","99","8","Chikhali"
"6060","99","8","Galiyakot"
"6061","88","8","Anandpuri"
"6062","99","8","Sabla"
"6063","745","28","Yetapaka"
"6064","92","8","Kareda"
"6065","768","8","Kuchaman City"
"6066","774","8","Badnor"
"6067","92","8","Phooliya Kalan"
"6068","92","8","Hameergarh"
"6069","110","8","Riyan Badi"
"6070","99","8","Jothari"
"6071","404","23","Bajag"
"6072","433","23","Bahari"
"6074","666","12","Longding Hq"
"6075","235","12","Hunli Sdo"
"6076","80","7","Alipur"
"6077","82","7","Rohini"
"6078","82","7","Kanjhawala"
"6079","83","7","Saket"
"6080","83","7","Mehrauli"
"6081","670","7","Sarita Vihar"
"6082","81","7","Yamuna Vihar"
"6083","81","7","Karawal Nagar"
"6084","78","7","Mayur Vihar"
"6085","84","7","Kapeshera"
"6086","84","7","Dwarka"
"6087","243","12","Aalo Hq"
"6088","458","24","Poshina"
"6089","145","9","Loni"
"6091","625","1","Keller"
"6092","625","1","Keegam"
"6093","187","9","Rajatalab"
"6094","162","9","Sarojani Nagar"
"6098","231","12","Lada Circle"
"6099","723","12","Dissing Passo Circle"
"6100","723","12","Pizirang Veo Circle"
"6101","231","12","Richukrong Circle"
"6102","231","12","Bana Eac"
"6104","723","12","Seijosa Adc"
"6107","236","12","Old Ziro Sdo"
"6115","232","12","Namsing Circle"
"6118","232","12","Pasighat Hq"
"6119","236","12","Pistana Circle"
"6121","678","12","Piyong Circle"
"6129","718","12","Raga Adc"
"6130","233","12","Koloriang Hq"
"6140","233","12","Patuk Adc"
"6156","136","9","Rajapur"
"6157","128","9","Pailani"
"6158","139","9","Takha"
"6159","660","9","Un"
"6160","186","9","Bangarmau"
"6161","143","9","Sirsaganj"
"6163","157","9","Narwal"
"6164","181","9","Jamunaha"
"6165","123","9","Martinganj"
"6166","441","24","Suigam"
"6167","438","24","Dholera"
"6168","441","24","Lakhani"
"6169","641","24","Kukarmunda"
"6170","442","24","Netrang"
"6191","6","37","Drass"
"6192","6","37","Shakar Chiktan"
"6193","622","1","Qaimoh"
"6194","622","1","Pahloo"
"6195","453","24","Khergam"
"6196","455","24","Saraswati"
"6197","455","24","Shankheshvar"
"6198","457","24","Vinchchiya"
"6199","675","24","Gir Gadhda"
"6200","641","24","Dolvan"
"6201","325","20","Egarkund"
"6202","325","20","Kariasol"
"6203","443","24","Jesar"
"6204","445","24","Sanjeli"
"6205","680","36","Basar"
"6206","680","36","Pembi"
"6207","680","36","Dasturabad"
"6208","680","36","Narsapur G"
"6209","680","36","Soan"
"6210","680","36","Nirmal Rural"
"6211","681","36","Jagitial Rural"
"6212","681","36","Beerpur"
"6213","681","36","Buggaram"
"6214","682","36","Anthergaon"
"6215","682","36","Palakurthy"
"6216","682","36","Ramagiri"
"6217","683","36","Thangallapalli"
"6218","683","36","Vemulawada Rural"
"6219","683","36","Rudrangi"
"6220","683","36","Veernapalli"
"6221","501","36","Adilabad Rural"
"6222","501","36","Mavala"
"6223","501","36","Bheempur"
"6224","501","36","Sirikonda"
"6225","501","36","Gadiguda"
"6226","684","36","Naspur"
"6227","684","36","Hajipur"
"6228","684","36","Bheemaram"
"6229","684","36","Kannepally"
"6230","508","36","Kothapally"
"6231","508","36","Karimnagar"
"6232","508","36","Ganneruvaram"
"6233","516","36","Nizamabad Rural"
"6234","508","36","Ellandakunta"
"6235","516","36","Mugpal"
"6236","516","36","Indalwai"
"6237","516","36","Mendora"
"6238","516","36","Mupkal"
"6239","516","36","Yergatla"
"6240","516","36","Rudrur"
"6241","685","36","Rajampet"
"6242","685","36","Bibipet"
"6243","685","36","Ramareddy"
"6244","685","36","Nasurullabad"
"6245","685","36","Pedda Kodapgal"
"6246","522","36","Khila Warangal"
"6247","686","36","Khazipet"
"6248","687","36","Tekumatla"
"6249","686","36","Inavole"
"6250","687","36","Palimela"
"6251","720","36","Kannaigudem"
"6252","686","36","Velair"
"6253","688","36","Gangaram"
"6254","688","36","Chinnagudur"
"6255","688","36","Danthalapalle"
"6256","688","36","Peddavangara"
"6257","689","36","Tharigoppula"
"6258","512","36","Mahabubnagar Rural"
"6259","689","36","Chilpur"
"6260","512","36","Moosapet"
"6261","512","36","Rajapur"
"6263","721","36","Marikal"
"6264","721","36","Krishna"
"6265","690","36","Sujathanagar"
"6266","690","36","Laxmidevipalli"
"6267","690","36","Allapalli"
"6268","690","36","Annapureddypalli"
"6269","690","36","Karakagudem"
"6270","513","36","Havelighanapur"
"6271","513","36","Nizampet"
"6272","513","36","Narsingi"
"6273","513","36","Manoharabad"
"6274","513","36","Chilpched"
"6275","691","36","Kandi"
"6276","691","36","Ameenpur"
"6277","691","36","Gummadidala"
"6278","691","36","Mogudampally"
"6279","691","36","Sirgapoor"
"6280","691","36","Nagalgidda"
"6281","692","36","Siddipet Rural"
"6282","692","36","Markook"
"6283","692","36","Raipole"
"6284","692","36","Komuravelli"
"6285","692","36","Akkannapet"
"6286","693","36","Revally"
"6287","693","36","Chinnambavi"
"6288","693","36","Srirangapur"
"6289","693","36","Madanapur"
"6290","693","36","Amarchintha"
"6291","691","36","Vatpally"
"6292","694","36","Pentlavelli"
"6293","694","36","Charakonda"
"6294","694","36","Padara"
"6295","694","36","Urkonda"
"6296","695","36","Rajoli"
"6297","695","36","Kaloor Thimmandoddi"
"6298","696","36","Nagaram"
"6299","695","36","Undavelly"
"6300","696","36","Maddirala"
"6301","696","36","Palakeedu"
"6302","696","36","Ananthagiri"
"6303","696","36","Chinthalapalem"
"6304","514","36","Adavidevulapalli"
"6305","514","36","Madugulapally"
"6306","514","36","Tirumalagiri Sagar"
"6307","514","36","Kondamallepally"
"6308","514","36","Neredugommu"
"6309","697","36","Motakonduru"
"6310","697","36","Adda Guduru"
"6311","699","36","Lingapur"
"6312","698","36","Kotepally"
"6313","699","36","Penchicalpet"
"6314","699","36","Chintalamanepally"
"6315","700","36","Bachupally"
"6316","700","36","Gandimaisamma Dundigal"
"6317","700","36","Kapra"
"6318","700","36","Medipally"
"6319","518","36","Abdullapurmet"
"6320","518","36","Gandipet"
"6321","518","36","Nandigama"
"6322","518","36","Jilled Chowdergudem"
"6323","518","36","Balapur"
"6324","518","36","Kadthal"
"6325","338","20","Ramgarh"
"6326","509","36","Khammam Urban"
"6327","700","36","Kukatpally"
"6328","700","36","Alwal"
"6329","328","20","Bargarh"
"6330","45","5","Syalde"
"6331","46","5","Dugnakuri"
"6332","46","5","Kafligair"
"6333","47","5","Narayanbagar"
"6334","54","5","Basukedar"
"6335","49","5","Doiwala"
"6336","53","5","Ganai Gangoli"
"6337","55","5","Nainbag"
"6338","45","5","Dhaulchhina"
"6339","45","5","Machhor"
"6340","45","5","Jalali"
"6341","45","5","Bagwalipokhar"
"6342","45","5","Dhyari"
"6343","47","5","Ghaat"
"6344","47","5","Nandprayag"
"6345","47","5","Adibadri"
"6346","47","5","Jilasu"
"6347","47","5","Dewal"
"6348","48","5","Manch"
"6349","48","5","Pulla Gumdesh"
"6350","51","5","Okhalkanda"
"6351","50","5","Laldhang"
"6352","50","5","Narsan"
"6353","51","5","Ramgarh"
"6354","52","5","Bironkhal"
"6355","52","5","Rikhanikhal"
"6356","53","5","Bangapani"
"6357","53","5","Tejam"
"6358","53","5","Pankhu"
"6359","53","5","Thal"
"6360","55","5","Kandisaur"
"6361","55","5","Kirtinagar"
"6362","55","5","Madannegi"
"6363","55","5","Pawkidevi"
"6364","56","5","Nanakmatta"
"6365","57","5","Dhauntari"
"6366","57","5","Joshiyara"
"6367","46","5","Shama"
"6368","45","5","Lamgada"
"6369","161","9","Madawara"
"6370","106","8","Malsisar"
"6371","106","8","Surajgarh"
"6372","55","5","Gaja"
"6373","52","5","Jakhanikhal"
"6374","55","5","Balganga"
"6375","686","36","Damera"
"6376","690","36","Chunchupalli"
"6377","48","5","Barakot"
"6378","110","8","Mundwa"
"6379","108","8","Masalpur"
"6380","87","8","Neemrana"
"6381","87","8","Reni"
"6382","87","8","Malakhera"
"6383","87","8","Govindgarh"
"6384","114","8","Khendela"
"6385","516","36","Nizamabad South"
"6386","771","8","Wazeerpur"
"6387","114","8","Dhod"
"6388","114","8","Ramgarh Shekawati"
"6389","98","8","Sarmathura"
"6390","107","8","Tinwari"
"6391","772","8","Lohawat"
"6392","112","8","Garhbor"
"6393","112","8","Khamnor"
"6396","741","11","Rangpo"
"6397","228","11","Yuksom"
"6398","228","11","Dentam"
"6399","227","11","Jorethang"
"6400","227","11","Yangang"
"6401","226","11","Kabi"
"6402","226","11","Dzongu"
"6403","294","18","Kokrajhar"
"6404","57","5","Sankari"
"6405","57","5","Barnigad"
"6406","58","6","Ambala Cantonment"
"6407","60","6","Badkhal"
"6408","63","6","Bass"
"6409","65","6","Alewa"
"6410","68","6","Ladwa"
"6411","70","6","Raipur Rani"
"6412","71","6","Matlauda"
"6413","65","6","Uchana"
"6414","60","6","Dhauj St"
"6415","60","6","Dayalpur St"
"6416","60","6","Gaunchi St"
"6417","76","6","Pratap Nagar St"
"6418","72","6","Palhawas St"
"6419","63","6","Kheri Jalab St"
"6420","62","6","Wazirabad St"
"6421","62","6","Badshahpur St"
"6422","62","6","Kadipur St"
"6423","62","6","Harsaru St"
"6424","53","5","Devalthal"
"6425","53","5","Kanalichhina"
"6426","96","8","Bidasar"
"6427","617","18","Kalaigaon"
"6428","617","18","Khoirabari"
"6429","58","6","Saha St"
"6430","58","6","Mulana St"
"6431","58","6","Shahzadpur St"
"6432","59","6","Bahal St"
"6433","701","6","Bondkalan St"
"6434","60","6","Tigaon St"
"6435","60","6","Mohna St"
"6436","61","6","Bhattukalan St"
"6437","61","6","Bhuna St"
"6438","61","6","Jakhal St"
"6439","61","6","Kulan St"
"6440","63","6","Barwala"
"6441","63","6","Uklana St"
"6442","63","6","Balsamand St"
"6443","64","6","Salhawas St"
"6444","64","6","Badli"
"6445","65","6","Pillukhera St"
"6446","66","6","Kalayat"
"6447","66","6","Rajaund St"
"6448","66","6","Dhand St"
"6449","66","6","Siwan St"
"6450","67","6","Nising St"
"6451","67","6","Nigdu St"
"6452","67","6","Ballah St"
"6453","68","6","Ismailabad St"
"6454","68","6","Babain St"
"6456","69","6","Nangal Chawdhary"
"6457","69","6","Ateli"
"6458","69","6","Kanina"
"6459","69","6","Satnali St"
"6460","70","6","Barwala St"
"6461","70","6","Morni St"
"6462","71","6","Bapoli"
"6463","72","6","Dharuhera St"
"6464","72","6","Dahina St"
"6465","72","6","Nahar St"
"6466","72","6","Manethi St"
"6467","73","6","Kalanaur"
"6468","73","6","Lakhan Majra St"
"6469","74","6","Kalanwali"
"6470","74","6","Nathusari Chopta"
"6471","74","6","Goriwala St"
"6472","75","6","Khanpur St"
"6473","75","6","Rai St"
"6474","76","6","Radaur"
"6475","76","6","Sadhaura St"
"6476","76","6","Saraswati Nagar St"
"6477","604","6","Nagina St"
"6478","619","6","Hassanpur St"
"6479","619","6","Bahin St"
"6480","445","24","Singvad"
"6481","260","14","Jessami"
"6482","260","14","LM"
"6483","257","14","Chilivai Phaibung"
"6484","257","14","Song Song"
"6485","257","14","Willong"
"6486","711","14","Waikhong"
"6487","712","14","Island"
"6488","712","14","Bungte Chiru"
"6489","712","14","Champhai"
"6490","713","14","Borobekra"
"6491","714","14","Longmai"
"6492","712","14","T Vaichong"
"6493","712","14","Saikul"
"6495","712","14","Kangchup Geljang"
"6496","253","14","Khengjoy"
"6497","712","14","Lhungtin"
"6498","716","14","Moreh"
"6499","717","14","Sahamphung"
"6500","254","14","Kangvai"
"6501","254","14","Saikot"
"6502","254","14","Henglep"
"6503","254","14","Sangaikot"
"6504","254","14","Mualnuam"
"6505","254","14","Samulamlan"
"6506","254","14","Suangdoh"
"6507","715","14","Vangai Range"
"6508","257","14","Tadubi"
"6509","376","22","Bade Bacheli"
"6510","430","23","Awantipur Badodiya"
"6511","430","23","Polaykala"
"6512","438","24","Asarva"
"6513","438","24","Ghatlodiya"
"6514","438","24","Vejalpur"
"6515","438","24","Maninagar"
"6516","438","24","Vatva"
"6517","448","24","Junagadh City"
"6518","459","24","Adajan"
"6519","459","24","Katargam"
"6520","457","24","Rajkot East"
"6521","459","24","Puna"
"6522","459","24","Udhna"
"6523","457","24","Rajkot West"
"6524","457","24","Rajkot South"
"6525","447","24","Jamnagar City"
"6526","461","24","Vadodara South"
"6527","461","24","Vadodara North"
"6528","461","24","Vadodara West"
"6529","461","24","Vadodara East"
"6530","440","24","Anand City"
"6531","450","24","Nadiad City"
"6532","421","23","Sultanpur"
"6533","436","23","Karkeli"
"6534","432","23","Bairad"
"6535","402","23","Udainagar"
"6536","434","23","Lidhora"
"6538","755","28","Srisailam"
"6539","573","33","Thalavadi"
"6540","274","17","Mawlai"
"6541","274","17","Mawpat"
"6542","274","17","Sohiong"
"6543","276","17","Bhoirymbong"
"6544","656","17","Bajengdoba"
"6545","663","17","Rerapara"
"6546","278","17","Demdema"
"6547","686","36","Nadikuda"
"6549","241","12","Taksing Circle"
"6550","238","12","Dudunghar Circle"
"6551","241","12","Gite Ripa Circle"
"6552","241","12","Nilling Circle"
"6553","241","12","Segi Gusar Circle"
"6554","241","12","Maro Circle"
"6555","238","12","Lhou Circle"
"6556","238","12","Thingbu Circle"
"6557","238","12","Bongkhar Circle"
"6559","718","12","Gepen Circle"
"6560","242","12","Rupa Sdo"
"6561","242","12","Bhalukpong Eac"
"6563","242","12","Jamiri Circle"
"6564","242","12","Balemu Circle"
"6565","242","12","Thembang Circle"
"6566","242","12","Shergaon Circle"
"6567","242","12","Kamengbari Doimara Circle"
"6568","242","12","Bomdila Hq"
"6569","235","12","Desali Circle"
"6572","719","12","Kangku Circle"
"6573","719","12","Sibe Circle"
"6574","719","12","Kora Circle"
"6575","719","12","New Seren Circle"
"6577","229","12","Renuk Circle"
"6578","229","12","Lyngok Longtoi Circle"
"6579","229","12","Yatdam Circle"
"6580","229","12","Namtok Eac"
"6581","229","12","Tikhak Rima Putok Circle"
"6582","229","12","Jairampur Adc"
"6584","666","12","Pumao Circle"
"6585","243","12","Kamba Adc"
"6586","243","12","Kombo Circle"
"6587","243","12","Nikte Kodum Circle"
"6588","243","12","Bagra Circle"
"6589","725","12","Tato Eac"
"6590","725","12","Pidi Circle"
"6591","230","12","Dambuen Circle"
"6594","239","12","Borduria Circle"
"6596","239","12","Katang Circle"
"6597","239","12","Longo Circle"
"6598","566","32","Kunnamkulam"
"6599","557","32","Payyannur"
"6600","237","12","Sangdupota Basar Nello Circle"
"6601","237","12","Kakoi Circle"
"6602","237","12","Gumto Circle"
"6603","237","12","Banderdewa Circle"
"6604","237","12","Itanagar Eac"
"6605","231","12","Khenawa Circle"
"6606","679","12","Jomlo Mobuk Circle"
"6607","679","12","Payum Circle"
"6608","229","12","Kantang Circle"
"6609","406","23","Guna Nagar"
"6610","88","8","Gangadtalai"
"6611","88","8","Ganoda"
"6612","88","8","Abapura"
"6613","577","33","Bargur"
"6614","582","33","Viralimalai"
"6615","578","33","Kalligudi"
"6616","634","33","Uthukuli"
"6617","593","33","Chetpet"
"6618","584","33","Pethanaickanpalayam"
"6619","584","33","Kadayampatti"
"6620","591","33","Tiruchirappalli East"
"6621","589","33","Avadi"
"6622","571","33","Karimangalam"
"6623","571","33","Nallampalli"
"6624","593","33","Vembakkam"
"6625","580","33","Kolli Hills"
"6626","574","33","Walajabad"
"6627","590","33","Koothanallur"
"6628","594","33","Kayathar"
"6629","730","33","Pallavaram"
"6630","593","33","Kilpennathur"
"6631","593","33","Jamunamarathoor"
"6632","580","33","Sendamangalam"
"6633","594","33","Eral"
"6634","580","33","Kumarapalayam"
"6635","580","33","Mohanur"
"6636","573","33","Modakkurichi"
"6637","573","33","Kodumudi"
"6638","573","33","Nambiyur"
"6639","733","33","Kadayanallur"
"6640","597","33","Vembakottai"
"6641","577","33","Shoolagiri"
"6642","733","33","Tiruvengadam"
"6643","569","33","Anaimalai"
"6644","585","33","Kalaiyarkoil"
"6645","570","33","Bhuvanagiri"
"6646","570","33","Srimushnam"
"6647","592","33","Manur"
"6648","592","33","Cheranmahadevi"
"6649","592","33","Tisayanvilai"
"6650","596","33","Marakanam"
"6651","596","33","Kandachipuram"
"6652","596","33","Melmalaiyanur"
"6653","583","33","Rajasingamangalam"
"6654","583","33","Kilakarai"
"6655","86","8","Pushkar"
"6656","774","8","Tatgarh"
"6657","86","8","Roopangarh"
"6658","86","8","Tantoli"
"6659","86","8","Arain"
"6660","86","8","Sawar"
"6661","774","8","Vijaynagar"
"6662","577","33","Anchetty"
"6663","595","33","Pernambut"
"6664","731","33","Nemili"
"6665","91","8","Bhusawar"
"6666","105","8","Bakani"
"6667","105","8","Sunel"
"6668","516","36","Mosara"
"6669","516","36","Chandur"
"6670","692","36","Narayanaraopet"
"6671","700","36","Muduchinthalapally"
"6672","575","33","Thiruvattar"
"6673","575","33","Killiyoor"
"6674","589","33","R K Pet"
"6675","597","33","Watrap"
"6676","576","33","Pugalur"
"6677","653","16","Jampuijala"
"6678","270","16","Panisagar"
"6679","272","16","Jirania"
"6680","653","16","Sonamura"
"6681","269","16","Kamalpur"
"6682","655","16","Kailashahar"
"6683","271","16","Santirbazar"
"6684","652","16","Khowai"
"6685","270","16","Kanchanpur"
"6686","269","16","Gonda Twisa"
"6687","271","16","Belonia"
"6688","271","16","Sabroom"
"6689","272","16","Mohanpur"
"6690","654","16","Karbook"
"6691","270","16","Dharmanagar"
"6692","269","16","Longtharai Valley"
"6693","654","16","Udaipur"
"6694","655","16","Kumarghat"
"6695","654","16","Amarpur"
"6696","272","16","Sadar"
"6697","269","16","Ambassa"
"6698","652","16","Teliamura"
"6699","653","16","Bishalgarh"
"6700","572","33","Gujiliamparai"
"6701","5","1","Jourian"
"6702","5","1","Maira Mandrian"
"6703","5","1","Chowki Choura"
"6704","5","1","Kharah Balli"
"6705","5","1","Pargwal"
"6706","5","1","Jammu South"
"6707","5","1","Bahu"
"6708","5","1","Jammu North"
"6709","5","1","Bhalwal"
"6711","5","1","Nagrota"
"6712","5","1","Dansal"
"6713","5","1","Mandal"
"6714","5","1","Khour"
"6715","5","1","Marh"
"6716","5","1","Suchetgarh"
"6717","5","1","Arnia"
"6718","5","1","Jammu West"
"6719","624","1","Rajpura"
"6720","624","1","Bari Brahamana"
"6721","624","1","Ghagwal"
"6722","624","1","Vijaypur"
"6724","624","1","Ramgarh"
"6725","7","1","Mahanpur"
"6726","7","1","Dinga Amb"
"6727","7","1","Nagri"
"6728","7","1","Ramkote"
"6729","7","1","Lohai Malhar"
"6731","7","1","Marheen"
"6734","14","1","Moungri"
"6735","14","1","Panchari"
"6736","14","1","Basantgarh"
"6737","14","1","Latti"
"6738","627","1","Chassana"
"6739","627","1","Thuroo"
"6740","627","1","Arnas"
"6741","627","1","Katra"
"6742","627","1","Pouni"
"6744","627","1","Bhomag"
"6745","627","1","Thakrakote"
"6746","4","1","Bharath Bagla"
"6747","4","1","Bhagwah"
"6748","4","1","Kashtigarh"
"6749","4","1","Gundna"
"6750","4","1","Mohalla"
"6751","4","1","Marmat"
"6752","4","1","Assar"
"6753","4","1","Bhalessa"
"6754","4","1","Chilly Pingal"
"6755","4","1","Bhalla"
"6756","4","1","Kahara"
"6757","4","1","Phigsoo"
"6758","4","1","Chiralla"
"6759","621","1","Khari"
"6760","621","1","Pogal Paristan"
"6761","621","1","Batote"
"6762","621","1","Rajgarh"
"6763","621","1","Gool"
"6764","620","1","Mughalmaidan"
"6765","620","1","Dachhan"
"6766","620","1","Warwan"
"6767","620","1","Machail"
"6768","620","1","Nagseni"
"6769","620","1","Drabshalla"
"6770","620","1","Bounjwah"
"6771","12","1","Khawas"
"6772","12","1","Manjakote"
"6773","12","1","Qila Darhal"
"6774","12","1","Laroka"
"6775","12","1","Taryath"
"6776","12","1","Beri Pattan"
"6777","12","1","Siot"
"6778","10","1","Balakote"
"6779","10","1","Mankote"
"6780","622","1","Frisal"
"6781","622","1","Yaripora"
"6782","8","1","Keran"
"6783","8","1","Kralpora"
"6784","8","1","Trehgam"
"6785","8","1","Machil"
"6786","8","1","Drugmulla"
"6787","8","1","Ramhal"
"6788","8","1","Qaziabad"
"6789","8","1","Langate"
"6790","8","1","Zachaldara"
"6791","8","1","Lolab"
"6792","8","1","Lalpora"
"6793","11","1","Kakapora"
"6794","11","1","Shahoora"
"6795","11","1","Aripal"
"6796","11","1","Rajpora"
"6797","625","1","Zainapora"
"6798","625","1","Barbugh"
"6799","625","1","Chitragam"
"6800","625","1","Hermain"
"6801","13","1","Khanyar"
"6802","13","1","Channapora"
"6803","13","1","Eidgah"
"6804","13","1","Panthachowk"
"6805","13","1","Srinagar Central"
"6806","626","1","Gund"
"6807","626","1","Tullamulla Khirbhawani"
"6808","626","1","Wakoora"
"6809","623","1","Aloosa"
"6810","623","1","Ajas"
"6811","623","1","Hajin"
"6812","623","1","Tulail"
"6813","2","1","Narbal"
"6814","2","1","Magam"
"6815","2","1","Bk Pora"
"6816","1","1","Shahbad Bala"
"6817","1","1","Qazigund"
"6818","1","1","Sallar"
"6819","1","1","Srigufwara"
"6820","1","1","Larnoo"
"6822","1","1","Anantnag East"
"6823","3","1","Wagoora"
"6824","3","1","Danghiwacha"
"6825","3","1","Watergam"
"6826","3","1","Zaingeer"
"6827","3","1","Dangarpora"
"6828","3","1","Khoie"
"6829","3","1","Kawarhama"
"6830","3","1","Kunzar"
"6831","154","9","Naugawan Sadat"
"6832","167","9","Govardhan"
"6833","506","28","Guntur East"
"6834","146","9","Kasimabad"
"6835","146","9","Sevrai"
"6836","520","28","Seethammadhara"
"6837","520","28","Maharanipeta"
"6838","520","28","Gopalapatnam"
"6839","520","28","Mulagada"
"6840","724","12","Sago"
"6841","235","12","Parbuk Sdo"
"6842","236","12","Deed Circle"
"6843","237","12","Silsango Circle"
"6844","233","12","Nyobia Circle"
"6845","233","12","Polosang Circle"
"6846","723","12","Passa Valley Circle"
"6847","242","12","Buragaon Eac"
"6848","231","12","Pakoti Circle"
"6849","41","3","Dudhan Sadhan"
"6850","627","1","Mahore"
"6851","12","1","Koteranka"
"6852","43","3","Dirba"
"6853","609","3","Bhikhiwind"
"6854","27","3","Majitha"
"6855","43","3","Bhawanigarh"
"6856","737","3","Ahmedgarh"
"6857","42","3","Morinda"
"6858","28","3","Maur"
"6859","32","3","Kalanaur"
"6860","32","3","Dinanagar"
"6861","125","9","Payagpur"
"6862","125","9","Mihinpurwa Motipur"
"6863","749","28","Vijayawada East"
"6864","749","28","Vijayawada North"
"6865","749","28","Vijayawada West"
"6866","173","9","Kalinagar"
"6867","173","9","Amariya"
"6868","185","9","Baldirai"
"6869","135","9","Mugalsarai"
"6870","135","9","Naugarh"
"6871","156","9","Maitha"
"6872","166","9","Kishni"
"6873","166","9","Ghiror"
"6874","166","9","Kurawali"
"6875","159","9","Mitauli"
"6876","155","9","Haseran"
"6877","122","9","Ajitmal"
"6878","160","9","Khadda"
"6879","160","9","Kaptanganj"
"6880","183","9","Maholi"
"6881","161","9","Pali"
"6882","180","9","Kalan"
"6883","17","2","Tauni Devi Bamson"
"6884","17","2","Kangoo"
"6885","17","2","Bhota"
"6886","20","2","Nither"
"6887","20","2","Bhuntar"
"6888","26","2","Ghanari"
"6889","26","2","Ispur"
"6890","26","2","Jol"
"6891","26","2","Dulahar"
"6892","26","2","Birhu Kalan"
"6893","26","2","Gagret"
"6894","26","2","Mehatpur"
"6895","18","2","Nagrota Surian"
"6896","18","2","Kotla"
"6897","18","2","Chadiyar"
"6898","111","8","Rani"
"6899","18","2","Panchrukhi"
"6900","18","2","Alampur"
"6901","18","2","Dareeni"
"6902","18","2","Lagru"
"6903","117","8","Badgaon"
"6904","775","8","Samdari"
"6905","18","2","Pragpur"
"6906","90","8","Gadraroad"
"6907","775","8","Gida"
"6908","97","8","Ramgarh Pachwara"
"6909","97","8","Lawan"
"6910","116","8","Duni"
"6911","777","8","Semari"
"6912","90","8","Dhanaau"
"6913","93","8","Bajju"
"6914","97","8","Mandawar"
"6915","776","8","Ravla"
"6916","772","8","Bapini"
"6917","117","8","Bhindar"
"6918","18","2","Dadasiba"
"6919","18","2","Majheen"
"6920","18","2","Haripur"
"6921","18","2","Gangath"
"6922","88","8","Artuna"
"6923","91","8","Uchhain"
"6924","102","8","Pavta"
"6925","105","8","Raipur"
"6926","105","8","Dug"
"6927","107","8","Shekhala"
"6928","112","8","Kuwaria"
"6929","117","8","Kanod"
"6930","767","8","Sikri"
"6931","96","8","Sidhmukh"
"6932","97","8","Rahuwas"
"6933","98","8","Mania"
"6934","108","8","Suroth"
"6935","112","8","Delwara"
"6936","87","8","Narayanpur"
"6937","772","8","Dechu"
"6938","15","2","Kalol"
"6939","18","2","Bhawarna"
"6940","25","2","Panjehra"
"6941","19","2","Tapri"
"6942","16","2","Pukhri"
"6943","16","2","Kakira"
"6944","16","2","Dharwala"
"6945","22","2","Katoula"
"6946","22","2","Tihra"
"6947","22","2","Balh"
"6948","22","2","Tikken"
"6949","22","2","Dehar"
"6950","22","2","Chhatri"
"6951","22","2","Pangna"
"6952","22","2","Rewalsar"
"6953","24","2","Haripurdhar"
"6954","24","2","Narag"
"6955","24","2","Pajhota"
"6956","23","2","Kotgarh"
"6957","23","2","Jangla"
"6958","23","2","Deha"
"6959","23","2","Sarahan"
"6960","23","2","Sarawati Nagar"
"6961","23","2","Jalog"
"6962","23","2","Kupvi"
"6963","23","2","Taklech"
"6964","23","2","Dhami"
"6966","320","19","Kalyani"
"6967","25","2","Mamlig"
"6969","22","2","Makridi"
"6970","22","2","Mandap"
"6971","437","23","Pathari"
"6972","397","23","Burhanpur Nagar"
"6973","391","23","Nai Sarai"
"6974","436","23","Bilaspur"
"6975","420","23","Simariya"
"6976","432","23","Rannod"
"6977","413","23","Sleemnbad"
"6978","391","23","Bahadurpur"
"6979","429","23","Gohparu"
"6980","639","23","Kathiwara"
"6981","639","23","Sondawa"
"6983","435","23","Jharda"
"6984","425","23","Jaisinagar"
"6986","638","23","Sarai"
"6987","638","23","Mada"
"6988","429","23","Budar"
"6989","394","23","Betul Nagar"
"6991","401","23","Datia Nagar"
"6992","422","23","Suthaliya"
"6993","422","23","Khujner"
"6994","395","23","Bhind Nagar"
"6995","435","23","Makdon"
"6996","399","23","Chand"
"6997","414","23","Sanawad"
"6998","434","23","Badgaon Dhasan"
"6999","400","23","Danyantinagar"
"7000","395","23","Mau"
"7001","401","23","Badoni"
"7002","542","29","Kolar Gold Field"
"7003","418","23","Saikheda"
"7004","412","23","Rama"
"7005","416","23","Mandsaur Nagar"
"7006","398","23","Chhatarpur Nagar"
"7007","435","23","Kothi Mahal"
"7008","427","23","Sehore Nagar"
"7009","423","23","Ratlam Nagar"
"7010","421","23","Deori"
"7011","411","23","Gorakhpur"
"7012","410","23","Kanadiya"
"7013","410","23","Bhicholihapsi"
"7014","410","23","Malharganj"
"7015","410","23","Khudel"
"7016","410","23","Rau"
"7017","437","23","Vidisha Nagar"
"7018","428","23","Seoni Nagar"
"7019","405","23","Khandwa Nagar"
"7020","399","23","Chhindwara Nagar"
"7021","231","12","Debeyar Co Circle"
"7022","394","23","Prabhatpattan"
"7024","411","23","Adhartal"
"7025","411","23","Ranjhi"
"7026","407","23","Ghatigaon"
"7027","394","23","Bhimpur"
"7028","413","23","Katni Nagar"
"7029","414","23","Khargone Nagar"
"7030","425","23","Sagar Nagar"
"7031","402","23","Dewas Nagar"
"7032","419","23","Rampura"
"7033","392","23","Birsa"
"7034","396","23","Kolar"
"7035","419","23","Neemuch Nagar"
"7036","391","23","Piprai"
"7037","407","23","Tansen"
"7038","407","23","Murar"
"7039","407","23","City Center"
"7040","638","23","Singrauli Nagar"
"7041","424","23","Huzur Nagar"
"7042","403","23","Pithampur"
"7043","527","29","Kittur"
"7044","432","23","Shivpuri Nagar"
"7045","409","23","Hoshangabad Nagar"
"7046","435","23","Ujjain Nagar"
"7047","417","23","Morena Nagar"
"7048","18","2","Sulah"
"7049","301","18","Thelamara"
"7050","702","19","Lavaold"
"7051","702","19","Pedong"
"7052","595","33","K V Kuppam"
"7053","596","33","Thiruvennainallur"
"7054","708","18","Sapekhati"
"7055","729","33","Kalvarayan Hills"
"7056","25","2","Kunihar"
"7057","574","33","Kundrathur"
"7058","730","33","Vandalur"
"7059","731","33","Kalavai"
"7060","731","33","Sholinghur"
"7061","524","29","Guledgudda"
"7062","524","29","Ilkal"
"7063","524","29","Rabakavi Banahatti"
"7064","550","29","Dandeli"
"7065","549","29","Hebri"
"7066","549","29","Bainduru"
"7067","549","29","Kapu"
"7068","549","29","Brahmavara"
"7069","530","29","Babaleshwar"
"7070","530","29","Chadachan"
"7071","530","29","Devara Hipparagi"
"7072","530","29","Kolhar"
"7073","530","29","Talikoti"
"7074","530","29","Tikota"
"7075","530","29","Nidagundi"
"7076","535","29","Nyamathi"
"7077","531","29","Hanur"
"7078","532","29","Ajjampura"
"7079","536","29","Hubballi Urban"
"7080","536","29","Annigeri"
"7081","536","29","Alnavar"
"7082","537","29","Gajendragad"
"7083","537","29","Laxmeshwar"
"7084","529","29","Chitaguppa"
"7085","529","29","Kamalnagar"
"7086","529","29","Hulsoor"
"7087","538","29","Kalagi"
"7088","538","29","Shahabad"
"7089","538","29","Yadrami"
"7090","538","29","Kamalapur"
"7091","543","29","Kanakagiri"
"7092","543","29","Karatagi"
"7093","543","29","Kukunoor"
"7094","635","29","Gurumitkal"
"7095","635","29","Wadagera"
"7096","635","29","Hunasagi"
"7097","546","29","Sirwar"
"7098","545","29","Saraguru"
"7099","527","29","Mudalgi"
"7100","527","29","Kagwad"
"7101","546","29","Maski"
"7102","534","29","Moodubidire"
"7103","525","29","Yelahanka"
"7104","534","29","Kadaba"
"7105","527","29","Nippani"
"7106","540","29","Rattihalli"
"7107","528","29","Kampli"
"7108","738","29","Kotturu"
"7109","528","29","Kurugodu"
"7110","281","18","Dangtal Revenue Circle"
"7111","426","23","Raghurajnagar Nagareey"
"7112","417","23","Bamor"
"7113","87","8","Tehla"
"7114","706","18","Ujani Majuli Circle"
"7115","285","18","Gauripur"
"7116","285","18","Athani"
"7118","314","19","Banarhat"
"7119","314","19","Kranti"
"7120","584","33","Thalaivasal"
"7121","24","2","Majra"
"7122","737","3","Amargarh"
"7123","530","29","Almel"
"7124","541","29","Kushalanagar"
"7125","541","29","Ponnampet"
"7126","25","2","Parwanoo"
"7127","184","9","Obra"
"7128","770","8","Tapukara"
"7129","87","8","Naugaon"
"7130","775","8","Kalyanpur"
"7131","90","8","Barmer Gramin"
"7132","90","8","Nokhra"
"7133","95","8","Bassi"
"7134","97","8","Behrawanda"
"7135","97","8","Bejupada"
"7136","97","8","Sainthal"
"7137","99","8","Dowda"
"7138","99","8","Gamdi Ahada"
"7139","102","8","Madhorajpura"
"7140","102","8","Aandhi"
"7141","102","8","Jobner"
"7142","102","8","Tunga"
"7143","103","8","Sum"
"7144","106","8","Gudhagorji"
"7145","106","8","Mandawa"
"7146","772","8","Aau"
"7147","772","8","Setrawa"
"7148","108","8","Shrimahaveer Ji"
"7149","110","8","Sanjhu"
"7150","629","8","Suhagpura"
"7151","629","8","Dalot"
"7152","113","8","Mitrapura"
"7153","114","8","Nechwa"
"7154","115","8","Deldar"
"7155","116","8","Nagarfort"
"7156","117","8","Kurabad"
"7157","117","8","Nayagaon"
"7158","9","37","Durbuk"
"7159","9","37","Kharu"
"7160","9","37","Saspol"
"7161","568","33","Aminjikarai"
"7162","9","37","Nyoma"
"7163","568","33","Ayanavaram"
"7164","568","33","Egmore"
"7165","568","33","Mambalam"
"7166","568","33","Perambur"
"7167","568","33","Purasawalkam"
"7168","568","33","Tondiarpet"
"7169","568","33","Guindy"
"7170","568","33","Mylapore"
"7171","568","33","Velachery"
"7172","604","6","Indri"
"7174","22","2","Bagshad"
"7175","22","2","Dhalwan"
"7176","563","32","Tribal Taluk Office Attappadi"
"7177","225","11","Rabdang"
"7178","742","11","Mangalbarey"
"7179","483","27","Andheri"
"7180","483","27","Kurla"
"7181","483","27","Borivali"
"7182","515","28","Nellore Urban"
"7183","511","28","Kurnool Urban"
"7184","22","2","Thachi"
"7186","698","36","Chowdapur"
"7187","512","36","Mohammadabad"
"7188","691","36","Chowtakur"
"7189","692","36","Dhoolmitta"
"7190","513","36","Masaipet"
"7191","32","3","Fatehgarh Churian"
"7192","34","3","Adampur"
"7193","33","3","Tanda"
"7194","532","29","Kalasa"
"7195","527","29","Yaragatti"
"7196","631","29","Harohalli"
"7197","534","29","Ullala"
"7198","534","29","Mulki"
"7199","281","18","Manikpur"
"7201","621","1","Ramsoo"
"7202","3","1","Narvaw"
"7203","4","1","Bhella"
"7204","3","1","Singhpora"
"7205","8","1","Qalamabad"
"7206","8","1","Villgam"
"7207","770","8","Khairthal"
"7208","770","8","Harsauli"
"7209","96","8","Bhanipura"
"7210","97","8","Bandikui"
"7211","97","8","Nirjharna"
"7212","99","8","Paldewal"
"7213","101","8","Pallu"
"7214","103","8","Phalsund"
"7215","102","8","Kalwar"
"7216","103","8","Ramgarh"
"7217","104","8","Bhadrajun"
"7218","106","8","Bissau"
"7219","107","8","Kudi Bhagtasni"
"7220","107","8","Jhanwar"
"7221","772","8","Ghantiyali"
"7222","768","8","Maulasar"
"7223","110","8","Deh"
"7224","771","8","Barnala"
"7225","771","8","Talawara"
"7226","114","8","Reengus"
"7227","773","8","Patan"
"7228","114","8","Sikar Gramin"
"7229","777","8","Jhallara"
"7230","545","29","Saligrama"
"7231","9","37","Diskit"
"7232","376","22","Barsur"
"7233","383","22","Barpali"
"7234","380","22","Sanna"
"7235","375","22","Sankari"
"7236","648","22","Latori"
"7237","383","22","Pasan"
"7238","649","22","Ramchandrapur"
"7239","375","22","Ratanpur"
"7240","386","22","Chhal"
"7241","383","22","Ajgarbahar"
"7242","649","22","Samri"
"7243","375","22","Belgahna"
"7244","763","22","Sariya"
"7245","648","22","Biharpur"
"7246","644","22","Lavan"
"7247","375","22","Seepat"
"7248","650","22","Nandghat"
"7249","644","22","Suhela"
"7250","375","22","Bodri"
"7251","649","22","Daurakochali"
"7252","734","22","Sakola"
"7253","646","22","Arjunda"
"7254","649","22","Chando"
"7255","762","22","Adbhar"
"7256","379","22","Shivrinarayan"
"7257","649","22","Raghunathnagar"
"7258","647","22","Lalpur Thana"
"7259","387","22","Gobra Nawapara"
"7260","636","22","Kutru"
"7261","389","22","Darima"
"7262","387","22","Kharora"
"7263","636","22","Gangaloor"
"7264","759","22","Gandai"
"7265","379","22","Bamhnidih"
"7266","383","22","Darri"
"7267","762","22","Baradwar"
"7268","760","22","Chirmiri"
"7269","760","22","Kelhari"
"7270","384","22","Pondi Bachra"
"7271","383","22","Hardibazar"
"7272","382","22","Rengakharkala"
"7273","642","22","Gadiras"
"7274","379","22","Saragaon"
"7275","760","22","Kotadol"
"7276","763","22","Bhatgaon"
"7277","761","22","Khadgaon"
"7278","761","22","Aundhi"
"7281","375","22","Beltara"
"7282","15","2","Harlog"
"7283","20","2","Jari"
"7284","23","2","Kalbog"
"7285","17","2","Lambloo"
"7286","16","2","Telka"
"7287","18","2","Rey"
"7288","18","2","Raja Ka Talab"
"7289","18","2","Thakurdwara"
"7290","18","2","Chachian"
"7291","18","2","Sadwan"
"7292","387","22","Dharsiwa"
"7293","383","22","Dipka"
"7294","759","22","Salhewara"
"7295","644","22","Tundara"
"7296","644","22","Sonakhan"
"7297","646","22","Marri Bangla Deori"
"7298","650","22","Devkar"
"7299","650","22","Bhimbhauri"
"7300","386","22","Mukdega"
"7301","388","22","Lalbahadur Nagar"
"7302","26","2","Daulatpur Chowk"
"7303","15","2","Talai"
"7305","6","37","Shergole"
"7306","6","37","Taisuru"
"7307","645","22","Amlipadar"
"7308","387","22","Mandir Hasoud"
"7309","384","22","Patna"
"7310","648","22","Bhatgaon"
"7311","647","22","Jarhagaon"
"7312","374","22","Bhanpuri"
"7313","374","22","Nangur"
"7314","377","22","Kukrel"
"7315","377","22","Bhakhara"
"7316","377","22","Belargaon"
"7317","642","22","Tongpal"
"7318","637","22","Chhotedongar"
"7319","643","22","Mardapal"
"7320","643","22","Dhanora"
"7321","637","22","Kohkameta"
"7322","385","22","Komakhan"
"7323","382","22","Kunda"
"7324","382","22","Pipariya"
"7325","381","22","Sarona"
"7326","647","22","Sargaon"
"7327","762","22","Hasoud"
"7328","383","22","Bhaisma"
"7329","378","22","Bhilai 3"
"7330","378","22","Bori"
"7331","378","22","Ahiwara"
"7332","277","17","Siju"
"7333","279","17","Rambrai"
"7334","656","17","Adokgre"
"7335","275","17","Namdong"
"7336","279","17","Ri Muliang"
"7337","657","17","Lumshnong"
"7338","279","17","Shallang"
"7339","278","17","Batabari"
"7340","649","22","Chalgali"
"7341","27","3","Lopoke"
"7342","266","15","Kawrtethawveng"
"7343","645","22","Fingeshwar"
"7344","374","22","Karpawand"
"7345","381","22","Koylibeda"
"7346","381","22","Aamabeda"
"7347","380","22","Bagbahar"
"7348","386","22","Kapu"
"7349","375","22","Pachpedi"
"7350","388","22","Kumarda"
"7351","382","22","Kukdur"
"7352","388","22","Ghumka"
"7353","381","22","Bande"
"7354","762","22","Chandrapur"
"7355","642","22","Dornapal"
"7356","642","22","Jagargunda"
"7357","650","22","Darhi"
"7358","265","15","Tlabung"
"7359","94","8","Raithal"
"7360","92","8","vvvvv"
